"","V1","V2","V3","V4","V5","V6","V7","V8","V9","V10","V11","V12","V13","V14","V15","V16","V17","V18","V19","V20","V21","V22","V23","V24","V25","V26","V27","V28","V29","V30","V31","V32","V33","V34","V35","V36","V37","V38","V39","V40","V41","V42","V43","V44","V45","V46","V47","V48","V49","V50","V51","V52","V53","V54","V55","V56","V57","V58","V59","V60","V61","V62","V63","V64","V65","V66","V67","V68","V69","V70","V71","V72","V73","V74","V75","V76","V77","V78","V79","V80","V81","V82","V83","V84","V85","V86","V87","V88","V89","V90","V91","V92","V93","V94","V95","V96","V97","V98","V99","V100","V101","V102","V103","V104","V105","V106","V107","V108","V109","V110","V111","V112","V113","V114","V115","V116","V117","V118","V119","V120","V121","V122"
"1",0,1,0,1,0,0,0,0,0,2,3,6,0,3,2,40,0,1,2,1,3,0,1,2,0,0,0,3,1,2,0,0,0,5,0,0,0,0,1,0,4,0,0,0,0,0,3,0,0,0,0,0,0,0,0,0,0,0,1,0,0,0,0,0,0,1,5,0,0,2,0,0,0,0,2,0,3,0,0,0,0,0,0,3,1,0,0,0,7,0,0,0,9,0,0,0,0,0,6,1,1,0,0,1,0,0,0,0,0,0,0,0,0,1,2,0,5,0,5,6,0,0
"2",0,0.5,3,4,0,2,0,4,0,2,1,1,0,2,1,25,0,1,2,0,2,0,2,0,0,3,0,0,1,2,0,0,0,11,0,0,0,0,9,0,1,0,0,0,0,0,2,0,0,0,0,0,0,0,0,0,0,0,0,0,0,2,0,0,0,1,0,0,0,1,0,0,0,1,1,0,0,0,0,0,0,0,0,2,0,0,0,0,5,0,0,0,4,1,0,0,0,1,6,0,0,0,0,3,0,0,0,0,1,1,0,0,2,0,4,0,2,0,8,2,0,0
"3",0.5,0.25,0,3,0,5,0,4,0,0,3,4,0,2,1,12,0,1,1,0,0,0,2,0,0,2,0,2,2,3,1,0,0,10,0,0,0,0,2,0,1,0,0,0,0,0,0,0,2,0,0,0,0,0,0,0,2,3,0,0,0,2,0,0,0,0,3,0,0,1,0,0,0,3,0,0,0,0,0,0,0,0,0,1,0,0,0,0,5,0,0,0,8,0,2,0,1,4,3,0,1,0,0,2,0,0,0,0,1,0,0,1,0,0,3,0,4,0,6,4,0,0
"4",0.25,1,0,5,0,2,0,2,0,2,4,4,0,0,0,25,0,0,0,0,1,0,2,0,0,3,0,2,1,2,0,0,0,5,0,0,0,2,5,0,2,0,0,0,0,0,1,0,0,0,0,0,0,0,0,0,0,0,1,0,0,0,0,0,0,1,9,0,0,2,2,0,0,3,0,2,1,0,0,0,0,0,0,2,1,2,0,0,7,0,0,0,9,0,1,0,0,0,7,2,0,0,1,0,1,0,0,0,2,0,0,0,2,1,0,1,2,0,5,1,0,0
"5",0.25,1,0,2,0,0,0,3,0,1,8,3,0,1,1,19,0,1,1,1,1,0,1,1,0,0,0,1,1,3,2,0,0,4,0,0,0,0,5,0,1,0,0,0,0,0,0,0,0,0,0,1,0,0,0,0,0,3,0,0,0,2,0,0,0,2,4,0,0,1,0,0,0,1,0,4,0,0,1,0,0,0,0,0,1,0,0,0,3,0,1,0,8,2,0,0,0,1,5,0,0,0,0,2,0,0,0,0,0,0,0,0,0,1,4,0,4,0,2,1,0,1
"6",1,1,0,3,0,2,0,4,1,2,5,20,0,0,0,39,0,0,2,1,0,1,4,0,0,0,0,3,2,1,1,0,0,8,0,0,1,0,2,0,2,0,1,0,0,0,1,0,1,0,0,0,0,0,0,0,1,4,0,0,0,3,0,0,0,1,2,0,0,2,0,0,0,1,1,0,0,0,0,0,0,0,0,3,2,0,0,0,4,0,0,0,13,1,1,0,0,0,1,0,0,0,0,0,0,0,0,0,0,0,0,0,1,1,4,1,3,0,12,6,0,1
"7",0,0,0,1,0,3,0,3,0,0,3,7,0,0,0,9,0,2,0,2,2,0,0,0,0,0,0,0,0,2,0,0,0,5,0,0,0,1,1,0,0,0,2,0,0,0,0,0,12,0,0,0,0,0,0,0,0,0,1,0,0,1,1,22,0,0,4,0,0,0,0,2,0,2,0,0,1,0,0,0,1,0,0,6,0,2,0,0,4,0,1,0,0,0,0,0,1,2,1,1,0,0,0,0,3,0,0,0,2,0,0,0,0,1,0,0,6,0,11,5,0,1
"8",0,0,0,1,0,1,0,4,0,0,1,3,0,1,1,9,0,3,1,0,0,0,0,0,0,0,0,0,0,1,1,0,0,2,0,0,0,0,0,0,2,0,0,0,0,0,1,0,0,0,0,0,0,0,0,0,0,1,0,0,0,0,0,0,0,0,1,0,3,0,0,0,0,0,1,0,2,0,0,0,0,0,0,1,0,0,0,0,7,0,0,0,0,0,2,0,0,2,0,2,0,0,0,0,0,0,0,0,0,0,0,0,2,0,0,1,8,0,13,3,0,2
"9",0,0.25,0,2,1,0,0,1,0,0,9,6,0,2,0,29,0,1,4,0,1,0,4,0,0,2,0,2,1,3,0,1,0,8,0,0,0,1,1,0,1,0,0,1,0,0,0,0,1,0,0,0,0,0,0,0,0,1,0,0,0,0,0,0,0,0,3,0,0,2,0,0,0,1,0,0,2,0,0,0,0,0,0,3,0,0,0,0,6,0,0,0,3,0,0,0,2,4,2,0,0,0,0,0,0,0,0,0,1,0,0,0,1,1,2,0,5,0,10,3,0,3
"10",0.5,1,1,2,0,0,0,5,0,1,2,6,0,1,1,16,0,0,2,1,4,1,1,0,0,0,0,1,0,2,2,0,0,7,0,0,0,0,0,0,0,0,0,0,0,0,2,0,0,0,0,0,0,0,0,0,2,3,0,0,0,1,0,0,0,0,1,0,0,0,0,0,0,1,3,0,2,0,0,0,0,1,0,2,0,0,0,0,6,0,1,0,4,0,0,0,0,0,0,0,0,0,0,0,0,0,0,0,0,0,0,0,2,2,1,0,7,0,9,4,0,5
"11",1,0.25,0,5,0,0,0,5,0,3,7,12,0,3,0,33,0,3,2,4,8,0,0,0,0,1,0,0,0,4,3,0,0,6,0,0,2,1,1,0,0,0,0,0,0,0,1,0,0,0,0,1,0,0,0,0,0,0,0,0,1,0,0,0,0,0,1,0,4,0,0,0,0,0,5,0,1,0,2,1,0,0,0,0,1,0,0,0,4,2,0,0,9,0,0,0,0,0,2,0,0,0,0,1,0,0,0,0,1,0,0,0,0,4,3,0,2,0,11,2,0,0
"12",0,0.25,0,1,0,2,1,2,0,1,4,8,0,0,0,29,0,0,1,0,2,0,2,0,0,1,0,4,0,2,4,0,0,1,0,0,0,0,0,0,1,0,0,0,0,0,0,0,0,0,0,0,0,1,0,0,1,0,0,0,0,1,0,0,1,0,1,0,0,0,0,0,0,4,4,0,0,0,0,0,1,0,0,3,1,0,0,0,4,0,1,0,3,0,2,0,1,1,1,0,0,0,0,0,0,0,0,0,0,1,0,0,0,0,0,0,4,0,10,6,0,0
"13",0.5,0,1,4,0,0,1,1,0,0,2,3,0,2,0,9,0,1,1,0,0,0,0,0,0,2,0,1,1,0,0,0,0,1,0,0,0,0,0,0,1,0,0,0,0,0,0,0,1,0,0,0,0,0,0,0,1,0,1,0,0,1,0,0,0,0,2,0,1,0,1,1,0,2,0,0,0,0,0,0,0,0,0,0,0,0,0,0,4,0,0,0,0,0,0,0,0,0,0,6,0,0,0,2,0,0,0,0,0,1,0,0,0,0,0,0,10,0,15,3,0,0
"14",0.5,0,0,1,0,0,0,2,0,1,4,6,0,0,0,18,0,3,1,0,3,0,1,0,0,2,0,1,0,2,1,0,0,4,0,0,0,0,2,0,2,0,0,1,0,0,1,0,0,0,0,0,0,0,0,0,2,0,1,0,0,1,0,0,0,0,2,0,0,0,1,0,0,0,0,0,0,0,0,0,0,0,0,1,0,0,0,0,4,0,1,0,5,0,0,0,0,0,0,2,0,0,1,1,0,0,0,0,1,0,0,0,0,1,3,0,8,0,11,5,0,3
"15",0,0,0,3,0,1,0,2,0,2,1,3,0,2,0,6,0,0,1,0,2,0,0,0,0,2,1,2,0,5,0,0,0,1,0,0,0,0,0,0,1,0,0,0,0,0,0,0,0,0,0,0,0,0,0,0,1,0,0,0,0,0,0,0,0,0,4,6,0,1,0,1,1,0,0,0,5,0,1,0,0,0,0,3,0,0,0,0,4,0,0,0,0,0,1,0,3,0,0,0,0,0,0,0,0,0,0,0,0,1,0,0,1,0,0,1,6,0,19,7,0,1
"16",0.25,1,2,3,0,2,0,2,0,0,6,4,0,1,0,22,0,1,2,2,1,0,1,0,0,2,0,1,1,2,0,0,0,2,0,0,1,1,1,0,1,0,0,0,0,0,1,0,0,1,0,0,0,0,0,0,0,2,0,0,0,1,1,0,0,0,1,0,0,1,0,1,0,1,4,0,2,0,1,0,0,0,0,0,0,1,0,0,5,0,0,0,10,0,1,1,0,0,5,1,0,0,0,0,0,0,0,0,1,0,0,0,1,2,1,1,5,0,8,6,0,0
"17",1,0,4,2,0,2,0,3,0,0,1,3,0,0,1,26,0,0,3,1,3,0,1,0,0,0,0,2,1,3,0,1,0,4,0,0,0,3,2,0,1,1,0,0,0,0,1,0,1,0,0,0,1,0,0,1,0,3,0,0,0,1,1,0,0,0,1,0,0,4,1,1,0,3,5,0,0,0,1,0,0,0,0,1,1,0,1,0,2,0,2,0,8,0,0,0,0,0,4,0,0,0,0,1,0,0,0,0,0,0,0,1,0,0,0,0,3,0,17,4,0,0
"18",0,0,0,3,0,0,0,4,0,1,1,4,0,1,0,7,0,2,0,0,1,0,0,0,0,0,0,0,0,1,0,0,0,4,0,0,0,1,0,0,0,0,1,0,0,0,0,0,2,2,0,0,0,0,0,0,1,0,1,0,0,2,0,1,0,0,0,0,0,0,0,1,0,0,0,0,0,0,0,0,0,0,0,1,0,0,0,0,3,0,0,0,0,0,3,0,1,3,1,2,0,0,0,0,0,0,0,0,0,0,0,0,1,0,0,0,4,0,9,1,0,0
"19",0,0.5,4,0,0,2,1,1,0,1,1,4,0,0,2,7,0,0,0,1,1,0,0,0,0,0,0,0,4,1,0,1,0,12,0,0,0,3,2,0,1,0,0,0,0,0,1,0,1,0,0,0,0,0,0,0,0,1,0,0,0,0,0,0,0,0,1,0,0,1,0,0,0,2,0,0,1,0,1,0,0,0,0,1,1,1,0,0,3,0,1,0,0,1,2,0,2,0,2,0,0,0,0,0,0,0,0,0,0,0,0,0,0,0,0,0,4,1,11,5,0,1
"20",0,0,1,0,0,0,1,1,0,1,5,4,0,3,0,12,0,0,1,2,4,0,2,1,0,3,0,0,0,1,2,0,0,2,0,0,0,0,1,0,0,0,0,0,0,0,0,0,1,1,0,0,0,0,0,0,1,1,0,0,0,0,0,0,0,2,0,0,0,0,0,0,0,1,0,1,2,0,0,0,0,0,0,1,1,0,0,0,3,0,0,0,1,0,0,0,1,1,0,0,0,0,0,4,0,0,0,0,0,0,0,0,0,1,1,0,4,0,11,3,0,0
"21",0,0,0,2,0,3,0,2,0,1,1,9,0,0,1,10,0,0,1,1,1,0,0,0,0,5,0,1,2,1,1,0,1,2,0,0,1,0,1,0,0,0,0,0,0,0,0,0,0,0,0,0,0,1,0,0,0,0,0,0,0,1,0,0,0,1,1,0,0,0,0,0,1,0,0,0,2,1,1,2,0,0,0,1,0,0,0,0,4,0,0,0,2,0,1,0,1,0,4,0,0,0,0,1,0,0,0,0,0,1,0,0,0,1,1,1,6,0,11,8,0,0
"22",0,0,0,0,0,0,2,3,0,0,1,1,0,3,1,22,0,2,0,0,5,0,4,0,0,0,0,0,1,4,1,0,0,4,0,0,0,0,5,0,0,0,0,0,0,0,0,0,0,0,0,0,0,0,0,0,0,1,0,0,1,0,0,0,0,0,2,0,0,1,0,1,0,2,2,0,1,0,0,0,0,0,0,0,0,1,0,0,5,1,0,0,4,0,0,0,0,3,3,0,0,0,0,3,0,0,0,0,2,0,0,0,1,2,3,1,6,0,9,5,0,0
"23",0,0.25,0,0,0,0,0,0,0,0,2,3,0,0,0,8,0,2,1,1,1,0,2,0,0,0,0,0,1,1,0,1,0,2,0,0,0,1,0,0,1,0,0,0,0,0,0,0,0,0,0,0,0,0,0,0,0,0,0,0,0,0,0,0,0,1,0,0,0,0,0,1,0,0,0,0,1,0,0,0,0,0,0,0,1,0,0,0,1,0,0,0,1,0,0,0,0,2,1,0,1,0,0,0,0,0,0,0,0,0,0,0,0,0,0,0,8,0,10,7,0,0
"24",0.5,0,1,0,0,0,0,1,0,0,5,7,0,2,0,34,0,1,3,1,2,0,2,2,0,1,0,3,1,7,1,0,1,7,1,0,0,0,2,0,0,1,0,1,0,0,2,0,0,0,0,0,0,0,0,0,1,0,2,0,0,2,0,1,0,0,4,0,0,0,0,0,0,3,2,0,0,0,1,0,0,0,0,2,0,1,0,0,1,2,1,0,7,0,1,1,0,0,4,0,0,0,0,1,0,0,0,0,0,0,0,0,0,0,2,2,5,0,11,6,0,0
"25",1,0.5,4,2,0,4,2,0,0,1,3,4,0,0,0,18,0,1,1,0,1,0,3,0,0,1,0,1,0,2,0,1,0,6,0,0,0,1,0,0,0,0,0,0,0,0,2,0,0,0,0,0,0,0,0,1,1,0,0,0,0,0,0,0,0,1,2,0,0,0,0,0,0,0,0,0,0,0,0,0,0,0,0,3,0,0,0,0,2,1,0,0,3,0,0,0,0,0,2,1,0,0,0,1,0,0,0,0,1,0,0,0,4,1,1,0,7,1,7,3,0,0
"26",0,1,1,1,0,5,0,0,0,0,3,3,0,0,0,23,0,2,0,1,1,0,1,0,0,0,0,1,0,5,1,0,0,3,1,0,0,0,0,0,2,0,0,0,0,0,1,0,0,0,1,0,0,0,0,0,0,3,0,0,0,1,1,0,0,0,4,0,0,3,0,0,0,0,1,0,1,0,0,0,0,0,0,2,0,2,0,0,2,1,0,0,6,0,1,0,0,4,4,1,0,0,0,2,1,0,0,0,1,0,0,1,1,0,1,1,7,0,6,4,0,0
"27",0,1,6,0,0,2,0,2,0,2,2,1,0,2,1,7,0,3,1,1,0,1,0,0,0,0,0,0,0,3,1,1,0,2,0,0,0,1,2,0,0,0,0,0,0,0,1,0,1,0,0,0,0,0,0,0,0,0,0,0,0,2,0,0,0,0,1,0,0,0,0,0,0,2,1,0,0,0,0,0,0,1,0,0,0,1,0,0,2,0,0,0,1,0,0,1,2,1,0,0,1,0,0,1,1,0,0,0,1,2,0,0,1,0,0,0,7,0,10,1,0,0
"28",0.25,1,0,2,0,3,0,0,0,0,1,2,0,1,0,20,0,2,1,0,0,0,2,0,0,1,0,1,0,2,0,0,0,3,0,0,0,0,4,0,0,0,0,0,0,0,2,0,1,0,0,0,0,0,0,0,0,0,1,0,0,1,0,0,0,3,3,0,0,1,0,1,0,2,0,0,1,0,1,0,0,0,0,1,1,3,0,0,1,0,0,0,2,2,2,1,0,3,3,1,0,0,0,2,1,0,0,0,0,0,0,0,0,3,3,0,6,1,10,4,0,0
"29",0,0.25,1,0,0,0,0,1,0,0,2,3,1,1,0,3,0,1,1,1,0,0,2,3,0,0,0,0,0,1,1,1,0,2,0,0,0,0,1,0,0,0,0,0,0,0,2,0,0,1,0,0,0,0,0,0,4,5,0,1,0,2,0,0,0,0,3,0,0,2,1,0,0,1,0,0,5,0,0,0,0,0,0,3,1,0,0,0,5,0,0,0,0,0,2,0,0,0,0,0,1,0,0,0,0,0,0,0,0,0,0,0,3,0,0,0,4,0,9,1,0,0
"30",0.25,1,3,1,0,0,0,2,0,0,5,6,0,0,2,27,0,0,1,2,1,0,3,1,1,3,0,0,0,2,1,0,0,1,0,0,0,0,0,0,1,0,0,0,0,0,1,0,1,0,0,0,0,0,0,2,0,0,2,0,0,0,1,0,0,2,5,0,0,1,2,0,0,2,1,0,2,0,0,0,0,0,0,0,1,1,0,0,1,0,1,0,9,0,0,0,2,1,1,1,2,0,0,3,0,0,0,0,2,0,0,0,0,0,3,1,5,0,2,4,0,0
"31",0.5,0.25,2,0,0,0,0,0,0,2,1,4,0,1,0,13,0,0,0,0,1,0,2,2,0,0,0,1,0,4,0,2,0,1,1,0,0,1,0,0,0,0,0,0,0,0,0,1,0,2,0,0,0,0,1,0,1,0,0,0,0,2,0,0,0,0,3,0,0,0,0,1,0,3,0,0,3,0,0,0,0,0,0,5,0,2,0,0,1,0,0,0,2,0,2,0,1,0,1,0,1,0,0,2,0,0,0,0,1,1,0,0,1,1,1,0,6,1,7,8,0,0
"32",1,1,2,0,0,3,2,0,0,2,12,1,0,0,0,31,0,0,0,0,2,0,3,1,0,0,0,4,2,3,1,0,0,5,0,0,0,1,0,0,0,0,0,0,0,0,0,0,1,1,0,0,0,0,1,0,0,2,1,0,0,2,2,0,0,0,3,0,3,0,0,0,0,1,2,4,0,0,1,0,0,0,0,3,3,1,0,0,0,1,1,0,4,0,2,1,0,1,2,1,0,0,0,2,0,0,0,0,2,0,0,0,0,1,3,0,4,0,10,3,0,0
"33",0.25,0.5,3,2,0,0,0,2,0,2,4,8,0,3,0,37,0,1,2,0,1,0,2,2,0,0,0,2,0,2,0,0,0,7,0,0,0,3,0,0,0,0,2,0,0,0,1,0,0,1,0,0,0,1,0,0,0,0,0,0,1,1,0,0,0,0,4,0,1,0,0,0,0,0,1,4,2,0,0,0,0,1,0,3,1,0,0,0,0,1,0,0,7,1,1,0,0,1,2,1,0,0,0,1,1,0,0,0,0,1,0,0,2,1,1,0,5,0,11,1,0,0
"34",1,0.5,1,0,0,3,0,4,0,0,2,2,0,2,2,11,0,0,1,0,0,0,1,1,0,1,0,3,0,1,0,0,0,5,1,0,0,0,0,0,0,0,1,0,0,0,0,0,0,1,0,0,0,0,0,0,0,0,0,0,0,0,0,0,0,0,1,0,0,0,0,0,0,0,2,4,0,0,0,0,0,2,0,3,0,0,0,0,2,0,1,0,4,0,0,1,0,1,0,0,2,0,0,0,0,0,1,0,0,0,0,0,0,0,1,0,5,0,4,4,0,0
"35",1,0.25,0,2,0,3,0,1,0,2,3,4,0,1,1,7,0,2,0,1,1,0,0,0,0,1,0,2,0,2,0,0,0,4,0,0,0,0,0,0,0,0,2,0,0,0,0,0,0,0,0,0,0,0,0,0,1,0,0,0,0,0,0,0,0,0,2,0,0,0,0,1,0,1,0,6,5,0,0,0,0,0,0,3,0,1,0,0,1,0,2,0,0,0,0,0,2,3,1,1,0,0,1,1,0,0,0,0,0,0,0,0,0,0,0,1,7,0,14,0,0,0
"36",1,0.25,1,1,0,0,0,3,0,1,2,3,0,0,0,22,0,1,2,1,2,0,3,0,0,0,0,5,0,0,0,0,0,6,1,0,0,0,2,0,0,0,0,0,0,0,0,0,0,0,0,0,0,0,1,0,0,2,1,0,0,6,0,0,0,2,1,0,0,1,0,1,0,3,2,5,0,0,0,0,0,0,0,3,3,1,0,0,3,1,0,0,6,0,0,0,2,1,3,1,0,0,0,1,0,0,0,0,2,0,0,0,1,1,1,0,6,0,5,2,0,0
"37",0.5,0,1,0,0,4,0,0,0,1,2,4,0,0,0,6,0,0,0,1,0,0,0,0,0,0,0,1,0,3,2,0,0,3,0,0,0,2,4,0,1,0,0,0,0,0,0,0,0,0,0,0,0,0,3,0,0,0,0,0,0,1,0,0,0,1,1,0,0,0,1,0,0,1,5,2,1,0,1,0,0,1,0,1,1,1,0,0,3,1,0,0,1,0,0,0,0,4,1,0,0,3,1,4,0,0,0,0,0,0,0,0,0,1,0,1,9,0,9,4,0,0
"38",0.25,1,1,1,0,0,0,1,0,2,4,11,0,0,2,32,0,0,3,0,4,0,4,1,0,0,0,3,0,1,1,0,0,5,0,0,1,0,3,0,0,0,0,0,0,0,0,0,0,0,0,0,1,0,1,0,1,4,0,0,0,1,3,0,0,0,0,0,0,0,0,0,0,3,3,4,2,0,1,1,0,0,0,2,3,1,0,0,1,2,0,0,10,0,1,1,0,1,4,1,0,0,0,1,3,0,0,0,0,0,0,0,2,2,0,0,4,0,6,3,0,0
"39",0,0.5,4,3,0,0,0,2,0,1,6,5,0,1,2,25,0,0,1,2,2,0,7,0,0,3,0,1,3,3,1,0,0,5,0,0,1,5,1,0,0,0,0,0,0,0,0,0,0,1,0,0,1,0,1,0,0,5,0,0,0,2,0,0,0,0,4,0,0,2,0,0,0,0,3,5,0,0,1,0,1,0,0,3,0,2,0,0,0,0,1,0,10,0,0,0,0,4,3,0,1,0,0,1,0,0,0,0,3,0,0,0,4,3,0,0,5,0,10,2,0,0
"40",0.25,0,2,1,0,0,1,0,0,0,1,3,0,2,0,11,0,1,0,5,0,0,0,1,0,0,3,1,0,2,2,0,1,2,0,0,0,0,0,0,2,0,0,0,0,0,0,0,0,0,0,0,8,0,1,0,1,5,0,0,0,0,0,0,0,0,0,0,0,0,1,0,0,2,2,4,3,0,2,0,0,0,0,5,1,0,0,0,1,1,2,0,4,1,0,0,0,0,2,0,0,0,0,2,0,0,0,0,1,0,0,0,0,1,0,1,8,0,8,0,0,0
"41",0,0,1,0,0,0,0,0,0,1,1,2,0,1,0,7,0,2,2,2,0,0,0,0,0,3,0,2,0,2,3,0,0,2,0,0,0,0,0,0,1,0,1,0,0,0,0,0,0,1,0,0,0,1,0,0,0,0,1,0,0,0,1,0,0,0,2,4,0,0,0,1,1,0,0,6,1,0,0,1,0,0,0,1,1,1,0,0,0,2,1,0,1,0,0,0,0,4,1,0,2,1,0,0,0,0,0,0,0,1,0,0,1,1,0,1,23,0,7,1,0,2
"42",0,0,0,1,0,1,1,0,0,0,11,5,1,2,0,13,0,0,0,1,3,0,0,1,0,4,0,1,0,1,1,0,0,0,0,0,0,0,1,0,0,0,1,0,0,0,0,0,0,0,0,0,0,0,0,0,2,1,0,0,0,0,0,0,0,0,3,0,0,2,0,2,0,0,3,4,5,0,0,1,0,0,0,1,1,0,0,0,0,0,0,0,1,0,0,0,2,0,1,2,0,0,0,1,0,0,0,0,1,0,0,0,0,1,0,1,10,0,10,5,0,0
"43",0,0,2,0,0,2,0,3,0,3,0,3,1,1,0,5,0,3,0,2,1,0,0,0,0,2,1,3,0,1,0,1,1,2,0,0,0,0,0,0,0,0,0,0,0,0,0,0,0,0,0,0,0,0,0,0,0,2,0,0,0,2,0,0,0,0,2,0,0,0,0,1,0,2,0,6,5,0,0,0,1,0,0,3,3,0,0,0,4,0,2,0,3,0,2,0,0,1,2,2,0,0,1,1,0,0,0,0,0,0,0,0,0,1,3,2,7,0,6,0,0,0
"44",0.25,0,2,1,0,0,0,2,0,0,2,11,0,0,1,27,0,1,2,0,1,0,0,0,0,1,0,1,0,2,0,0,0,2,0,0,0,0,1,0,1,0,0,1,0,1,0,0,0,0,0,0,1,0,0,0,0,1,2,0,0,2,0,0,0,0,7,1,0,3,0,0,0,2,1,4,0,0,0,1,0,0,0,5,0,0,0,0,3,0,1,0,6,0,1,0,0,0,1,0,0,0,0,0,0,0,0,0,1,0,0,0,3,0,0,1,2,0,8,5,0,0
"45",0,0,1,1,0,6,1,0,0,1,2,2,1,0,0,4,0,1,3,2,0,0,1,0,0,2,0,1,0,0,0,0,0,0,0,0,0,0,0,0,0,0,0,0,0,0,0,0,4,0,0,0,0,0,3,0,1,0,0,0,0,0,0,4,0,0,3,0,0,0,0,1,1,1,0,5,0,0,0,1,0,0,0,1,0,1,0,0,0,1,3,0,1,1,0,0,1,0,0,0,0,0,0,0,1,0,0,0,0,0,0,0,0,1,0,0,3,0,9,4,0,0
"46",0,0.25,0,2,0,0,0,2,0,2,6,4,0,2,1,35,0,0,2,1,0,0,3,1,0,0,0,3,1,5,1,0,1,12,0,0,0,0,1,0,1,0,0,0,0,0,0,0,0,1,0,0,0,0,1,0,0,2,1,0,0,1,0,0,0,0,5,0,0,5,0,0,0,2,0,3,0,0,0,1,0,0,0,2,1,1,0,0,0,0,2,0,14,1,0,0,0,3,4,1,0,0,0,0,0,0,0,0,2,0,0,0,2,0,0,0,3,0,3,2,0,0
"47",0.5,0,0,2,0,6,0,1,0,0,1,4,1,3,0,11,0,0,0,1,0,0,0,0,0,0,0,0,0,1,0,0,0,7,0,0,0,0,0,0,0,0,0,0,0,1,0,0,1,0,0,0,0,0,0,0,0,0,0,0,1,0,0,0,0,0,1,0,1,0,1,7,0,1,0,1,3,0,0,0,1,2,0,4,0,1,0,0,0,0,1,0,2,0,1,0,1,1,1,2,0,0,1,0,0,0,0,0,0,0,0,0,1,0,0,1,7,0,9,1,0,1
"48",0.25,0.5,0,2,0,2,1,1,0,3,3,7,1,1,0,15,0,0,1,0,1,0,1,0,0,2,0,0,2,2,0,0,0,2,0,0,0,1,1,0,1,0,0,0,0,0,1,0,2,0,0,0,0,0,0,0,0,1,0,0,0,0,0,0,0,0,2,0,0,1,0,2,0,0,2,0,0,0,1,1,0,0,0,3,0,1,0,0,1,0,1,0,8,0,0,1,0,1,4,0,0,0,0,1,0,0,0,0,1,0,0,1,0,0,2,0,6,0,4,8,0,0
"49",0,0,2,1,0,5,1,1,0,0,1,2,0,3,0,5,0,0,1,1,0,0,1,1,0,1,0,1,2,2,1,1,0,3,1,0,0,0,0,0,0,0,0,0,0,0,1,0,1,1,0,0,0,0,2,0,0,0,0,0,0,0,0,0,0,0,2,0,0,0,1,0,0,3,0,3,3,0,0,1,0,0,0,3,2,1,0,0,0,0,0,0,0,0,0,0,0,0,1,2,0,0,0,1,0,0,0,0,1,0,0,0,0,1,0,0,5,0,8,3,0,0
"50",0,0,2,2,0,3,0,1,0,1,1,2,0,3,0,6,0,0,0,0,0,0,0,1,0,0,0,2,0,2,1,1,0,2,0,0,0,0,0,0,1,0,0,0,0,0,0,0,0,0,0,1,0,0,0,0,0,0,1,0,0,0,0,1,0,0,3,0,0,1,2,0,1,0,0,4,1,0,0,0,0,0,0,5,0,1,0,0,2,0,0,0,4,0,2,0,0,0,0,1,0,0,2,0,2,0,0,0,4,0,0,0,0,0,0,0,5,0,13,8,0,0
"51",0,0,2,2,0,0,0,1,0,2,1,3,0,0,1,6,0,0,2,1,0,0,1,0,0,1,1,1,0,3,3,1,0,2,0,0,0,0,0,0,2,0,0,0,0,0,0,0,0,0,0,0,0,0,0,0,1,0,0,0,0,0,0,0,0,0,4,1,0,1,0,0,0,1,2,3,0,0,1,0,0,0,0,4,0,1,0,0,1,0,1,0,2,1,3,0,1,1,0,1,0,0,0,1,0,0,0,0,2,0,0,0,0,0,1,1,4,0,7,5,0,0
"52",0,0,1,2,0,0,0,2,0,3,2,4,0,0,0,6,0,1,2,3,1,0,2,0,0,1,2,0,1,3,0,0,2,2,0,0,1,0,0,0,0,0,0,0,0,0,1,0,0,0,0,0,0,0,0,0,2,0,0,0,0,4,0,0,0,0,2,0,0,1,0,0,0,3,2,1,0,0,0,0,1,0,0,6,0,0,0,0,2,0,0,0,6,1,0,0,0,2,4,1,0,0,0,0,0,0,0,0,1,0,0,0,0,3,1,1,3,0,7,9,0,0
"53",0,0,0,3,0,0,0,4,0,3,1,2,0,2,1,16,0,2,2,0,1,0,2,1,0,2,1,1,0,2,1,1,0,1,0,0,0,1,0,0,1,1,1,0,0,0,0,0,0,0,0,0,0,0,0,0,0,1,0,0,0,0,0,0,0,0,8,0,0,0,0,0,1,2,1,2,0,0,0,0,0,0,0,8,1,1,1,0,0,2,3,0,7,0,0,0,0,1,3,1,0,1,0,3,0,0,0,0,0,0,0,0,0,1,3,0,3,0,12,5,0,1
"54",0,0.25,5,2,0,2,1,1,0,1,6,1,0,1,0,34,0,0,2,0,1,1,1,1,0,0,0,0,1,6,1,0,0,8,0,0,0,4,1,0,1,0,0,1,0,0,0,0,0,0,0,0,0,0,0,0,0,1,0,0,0,0,1,0,0,0,7,0,1,3,0,0,0,2,3,2,0,0,0,0,0,0,0,4,2,0,0,0,2,0,1,0,13,0,0,0,1,1,3,1,0,0,0,0,0,0,0,0,1,0,0,0,0,0,2,1,4,0,9,1,0,0
"55",1,0.25,2,1,0,0,1,0,1,0,7,5,0,1,0,34,0,0,4,0,1,0,3,0,0,0,0,3,2,3,4,0,0,13,0,0,0,1,0,0,1,0,0,0,0,0,0,0,0,0,0,0,0,0,0,0,1,0,1,0,0,0,0,0,0,2,1,0,0,0,1,0,0,0,0,4,0,0,0,0,0,0,0,1,0,1,0,0,0,2,0,0,8,0,1,0,0,0,6,0,1,0,0,2,0,0,0,0,1,1,0,1,0,1,4,2,1,0,8,7,0,1
"56",1,0.25,0,0,1,0,0,0,0,0,0,3,0,0,0,5,0,1,1,1,1,0,1,0,0,0,0,3,0,0,0,0,0,0,0,0,0,0,1,0,0,0,0,0,0,0,0,0,0,0,0,0,0,0,0,0,0,0,0,0,0,1,0,0,0,2,5,0,0,1,2,2,0,3,0,4,0,0,0,0,1,0,0,6,0,0,0,0,1,0,1,0,0,0,2,0,0,2,1,0,1,0,1,2,0,0,0,0,0,0,0,0,0,0,0,0,5,0,8,4,0,0
"57",0.5,1,0,1,0,0,1,1,0,2,0,1,0,2,0,6,0,1,2,0,1,0,1,0,0,0,0,0,0,3,1,0,1,1,0,0,2,0,0,0,0,0,1,0,0,0,0,0,1,2,0,0,0,0,0,0,2,0,0,0,0,0,1,0,0,0,3,0,0,0,0,0,0,2,2,3,1,0,0,0,0,0,0,1,0,3,0,0,0,1,1,0,5,1,0,0,0,0,4,1,0,0,0,0,1,1,0,0,0,0,0,0,0,1,0,0,4,0,8,5,0,0
"58",0,0.25,1,3,0,0,2,1,0,2,3,4,0,4,0,22,0,0,3,1,0,1,3,0,0,0,0,1,0,5,0,0,0,1,0,0,0,0,2,0,1,0,0,0,0,0,0,0,0,0,0,0,0,0,0,0,0,0,2,0,1,0,0,0,0,0,0,0,0,1,0,1,0,2,1,0,0,0,1,0,0,0,0,6,1,2,0,0,1,0,0,0,9,0,0,0,0,0,3,1,0,0,0,1,0,0,0,0,2,0,0,0,0,1,2,2,3,1,8,4,0,0
"59",1,0.25,0,5,1,0,0,2,0,2,0,1,0,2,0,2,0,0,1,3,1,0,0,0,0,8,1,2,0,2,0,1,0,1,0,0,0,0,0,0,0,0,0,0,0,0,0,0,0,1,0,0,0,0,0,0,0,0,0,0,0,3,0,0,0,1,4,0,0,0,0,0,0,3,1,0,0,0,0,0,0,0,0,2,1,1,0,0,0,0,0,0,1,0,0,1,1,0,1,1,0,0,2,1,0,0,0,0,0,1,0,0,1,0,2,0,3,0,9,3,0,0
"60",0,0,1,1,0,1,0,2,0,1,3,6,0,0,1,13,0,1,1,0,0,0,0,0,0,0,0,0,0,2,0,0,0,2,0,0,0,1,0,0,0,0,0,0,0,0,1,0,1,2,0,0,0,0,0,0,0,0,0,0,0,0,0,1,0,1,3,2,0,0,0,0,0,0,4,0,0,0,1,0,0,0,0,3,0,1,0,0,0,0,0,0,0,0,0,0,0,0,0,1,0,0,0,2,0,0,0,0,0,0,0,1,2,1,0,0,4,0,11,0,0,3
"61",0,0,2,4,0,5,1,0,0,1,1,3,0,2,0,11,0,0,1,3,0,0,0,0,0,0,0,1,0,1,0,1,0,3,0,0,0,0,0,0,0,0,0,0,0,0,0,0,0,1,0,0,0,0,0,0,0,1,0,0,0,1,0,0,0,0,2,0,0,0,1,0,0,1,3,0,2,0,1,0,0,0,0,8,1,0,0,0,0,0,1,0,1,1,0,0,0,3,0,0,0,0,0,1,0,0,0,0,0,0,0,0,0,0,0,0,7,0,6,2,0,0
"62",0.25,0,0,0,0,0,0,2,0,1,0,5,0,1,0,5,0,0,1,4,1,0,2,0,0,0,0,0,0,1,1,0,0,4,0,0,0,0,0,0,1,0,0,1,0,0,1,0,1,0,0,0,0,0,0,0,0,4,0,0,0,2,0,2,0,1,2,0,1,1,0,0,0,1,1,0,0,0,0,0,1,0,0,7,3,0,0,0,0,0,0,0,2,0,2,0,0,0,0,1,0,0,0,1,0,0,0,0,3,0,0,0,2,0,0,1,9,0,8,2,0,0
"63",0.25,1,0,2,0,2,0,0,0,2,3,3,0,4,0,27,0,0,0,2,0,0,0,0,0,0,0,4,3,1,0,1,0,4,0,0,0,0,1,0,0,0,0,1,0,0,0,0,0,1,0,0,0,0,0,0,0,2,0,0,0,0,0,0,0,1,1,0,0,3,0,0,0,0,1,0,0,0,0,1,1,0,0,8,3,1,0,0,0,1,3,0,7,0,0,1,0,0,1,1,0,0,0,1,0,0,0,0,1,1,0,0,0,0,2,0,1,0,9,3,0,1
"64",0.5,0.5,1,1,0,0,0,1,0,3,2,5,0,1,1,18,0,1,2,0,2,0,2,0,0,0,0,1,1,3,1,0,0,4,0,0,0,1,2,0,1,0,0,0,0,0,0,0,0,0,0,0,0,1,0,0,1,0,0,0,0,0,0,0,0,1,0,0,0,1,0,0,0,1,1,0,0,0,0,0,0,0,0,8,0,0,0,0,0,2,0,0,7,0,0,0,0,1,1,0,0,0,0,2,1,0,0,0,0,0,0,1,3,0,1,0,2,0,11,3,0,0
"65",0,0,4,0,0,0,0,5,0,3,4,9,0,1,0,18,0,1,0,1,2,0,1,2,0,2,3,2,1,1,0,0,5,0,0,0,0,3,1,0,0,0,0,0,0,0,0,0,0,0,0,0,0,0,0,0,2,0,0,0,0,0,1,0,0,1,1,0,0,0,0,0,0,1,5,0,1,0,0,0,0,0,0,5,2,0,0,0,0,0,1,0,4,0,1,1,0,0,2,0,0,0,0,0,0,0,0,0,0,1,0,0,0,1,0,1,3,0,8,6,0,4
"66",0,1,2,1,0,4,0,0,1,3,3,2,0,0,1,21,0,1,3,3,0,0,2,1,0,1,0,5,0,2,1,0,0,3,0,0,0,0,0,0,2,0,1,0,0,0,0,0,0,0,0,0,0,0,0,0,0,2,0,0,0,3,0,0,0,1,2,0,0,2,0,0,0,0,4,0,0,0,0,0,0,0,0,1,1,1,0,0,0,0,0,0,7,0,2,0,0,0,3,0,0,0,0,2,0,0,0,0,2,0,0,0,0,1,0,1,3,0,8,1,0,1
"67",1,0.25,1,2,0,0,0,1,0,2,11,12,0,4,1,32,0,1,1,1,0,0,2,0,0,0,0,2,1,4,0,1,0,5,2,0,0,0,1,0,0,2,0,0,0,0,0,1,0,0,0,0,0,0,0,1,0,1,0,0,0,2,1,0,0,0,2,0,0,2,1,0,0,2,2,0,1,0,0,0,1,0,0,2,3,1,0,0,0,1,0,0,8,1,0,0,0,0,4,1,0,0,0,3,0,0,0,0,2,3,0,1,1,1,0,0,3,0,8,3,0,0
"68",0,0,0,2,0,2,1,0,0,4,1,7,0,2,0,11,0,1,1,1,2,0,1,0,0,0,0,1,1,3,0,0,0,3,0,0,0,0,0,0,0,0,0,0,0,0,0,0,0,0,0,0,0,0,0,0,3,1,2,0,0,2,0,0,0,0,0,1,0,1,0,0,0,1,1,0,0,0,0,0,0,0,0,0,2,0,0,0,0,0,1,0,3,0,0,0,0,0,2,0,0,0,0,1,0,0,0,0,1,0,0,0,1,1,0,0,5,0,5,1,0,0
"69",0,0,1,1,0,1,1,2,0,1,1,1,0,4,0,4,0,0,1,0,0,0,0,1,0,2,1,1,0,0,0,0,1,2,0,0,0,0,0,0,0,0,0,0,0,0,1,0,0,0,0,0,0,0,0,0,0,0,2,0,0,1,0,0,0,0,1,0,0,0,0,1,0,3,1,2,0,0,0,0,0,0,0,7,0,1,0,0,0,0,1,0,6,0,1,0,0,0,1,0,0,0,0,0,0,0,0,0,0,0,0,1,1,2,0,1,1,0,6,2,0,0
"70",0,0,2,0,0,0,0,1,0,0,0,2,0,2,0,6,0,0,2,4,2,0,4,0,0,0,1,5,0,7,1,0,0,2,0,0,0,0,0,0,1,0,0,0,0,0,2,0,0,0,0,0,0,2,0,0,0,0,0,0,0,0,0,0,0,0,4,0,0,1,0,0,0,2,1,1,2,0,0,0,1,0,0,5,0,0,0,0,1,0,0,0,9,0,0,0,1,0,4,3,0,0,1,1,0,0,0,0,0,1,0,0,1,0,5,0,3,0,4,4,0,4
"71",0.25,0.25,1,0,0,0,0,2,0,0,8,4,0,1,1,44,0,1,4,0,1,0,2,2,0,1,0,0,3,7,1,0,0,5,0,0,0,1,2,0,0,0,0,0,0,2,0,1,0,0,0,0,0,2,0,1,1,0,0,0,1,2,0,0,0,2,4,0,0,0,0,0,0,0,2,4,0,0,0,0,0,0,0,3,2,0,0,0,0,1,3,0,14,1,0,0,0,1,2,2,0,0,0,1,0,0,0,0,1,0,0,0,0,1,3,0,0,0,9,4,0,0
"72",0,0,1,0,0,5,0,2,0,0,1,0,0,0,0,8,0,0,0,3,2,0,1,0,0,0,0,0,1,0,1,0,0,1,0,0,0,0,0,0,0,0,0,0,0,0,0,0,1,0,0,0,0,0,0,0,0,0,0,0,0,0,0,0,0,0,2,0,0,0,0,1,0,3,0,5,1,0,0,0,0,0,0,1,0,1,0,0,0,0,1,0,0,0,1,0,0,0,0,3,0,0,0,2,0,0,0,0,0,0,0,0,1,2,0,0,5,0,9,3,0,0
"73",0,0,3,0,0,0,1,0,0,0,0,0,0,1,2,2,0,3,1,3,1,0,0,0,0,4,0,1,0,0,0,0,0,0,0,1,0,0,0,0,0,0,0,1,0,0,0,0,1,1,0,0,0,0,0,0,1,0,0,0,0,1,1,0,0,0,3,0,0,0,0,0,0,1,0,4,0,0,0,0,1,4,1,3,2,0,0,0,0,0,0,0,1,0,0,0,2,0,0,2,0,0,1,0,1,0,0,0,1,0,0,0,0,0,1,0,6,0,7,5,0,0
"74",0.5,1,2,2,0,0,0,2,0,1,9,9,0,1,1,29,0,0,2,2,2,0,4,0,0,0,1,3,0,3,2,0,0,7,0,0,0,0,2,0,2,0,0,0,0,0,0,0,0,0,0,0,0,0,0,1,0,2,1,0,1,3,0,0,0,1,0,0,0,1,1,0,0,3,0,3,0,0,0,1,0,0,0,2,2,0,0,0,0,0,0,0,15,0,0,1,0,1,2,0,0,0,0,2,1,0,0,0,1,0,0,0,0,2,1,1,0,0,10,9,0,0
"75",0.5,0.5,1,1,0,2,0,1,0,0,1,2,0,0,0,1,0,0,0,3,1,0,0,0,0,2,0,0,0,2,0,0,2,2,0,0,0,0,0,0,0,0,0,0,0,0,0,0,0,3,0,0,0,0,0,0,3,0,0,0,0,0,0,0,0,0,2,0,0,1,1,0,0,0,2,4,1,0,0,0,0,0,0,4,0,1,0,0,0,0,1,0,1,0,0,0,0,2,0,1,1,0,0,0,0,0,0,0,0,0,0,1,2,0,0,5,7,0,7,4,0,0
"76",0,1,0,1,0,0,0,1,0,1,0,2,0,1,0,17,0,0,3,1,2,0,1,0,0,2,0,1,0,4,0,0,1,4,0,0,0,2,0,0,0,0,0,0,0,0,0,0,1,0,0,0,0,0,0,0,1,3,0,0,0,1,1,0,0,0,2,0,0,1,0,1,0,1,5,3,2,0,0,0,0,0,0,3,0,0,0,0,0,1,0,0,12,1,2,1,0,3,3,0,0,0,1,1,0,0,0,0,1,0,0,0,0,0,1,0,1,0,2,1,0,0
"77",0,0,2,0,0,3,0,2,0,1,2,1,0,1,0,10,0,0,0,2,0,0,1,0,0,0,0,0,0,1,1,0,0,8,0,0,0,2,0,0,0,0,0,0,0,0,1,0,0,2,0,0,0,0,0,0,0,0,0,0,0,0,0,0,0,0,1,0,0,0,0,0,0,0,0,4,4,0,0,1,0,1,0,5,0,1,0,0,0,1,0,0,0,0,3,0,1,1,0,1,0,0,0,2,0,0,0,0,0,1,0,1,3,0,0,2,6,0,6,4,0,1
"78",0.25,0,1,2,0,0,0,1,0,0,2,3,0,2,2,11,0,0,1,1,2,0,1,0,0,1,0,6,0,5,1,0,0,4,0,0,0,0,2,0,2,0,0,0,0,0,0,0,1,0,0,0,0,1,0,0,1,0,0,0,0,4,0,0,0,0,4,0,0,1,0,2,0,4,3,1,0,0,1,0,0,0,0,4,2,1,0,0,2,3,1,0,2,0,0,0,0,4,1,0,0,0,0,3,1,0,0,0,2,0,0,0,0,4,1,1,5,0,4,3,0,0
"79",0.25,0.5,3,2,0,2,0,3,0,0,1,3,0,1,1,27,0,0,0,0,3,0,1,2,0,0,0,0,2,4,1,0,0,2,0,0,0,1,1,0,1,0,0,1,0,0,0,0,0,0,0,0,0,1,0,0,0,0,0,0,0,2,3,0,0,0,1,0,0,0,0,0,0,2,1,3,0,1,0,0,1,0,0,4,0,0,0,0,0,1,1,0,9,0,0,0,0,1,1,0,0,0,0,1,0,0,0,0,0,0,0,0,1,2,3,1,3,0,6,6,0,0
"80",1,0.5,1,3,0,0,0,0,0,1,2,2,0,2,0,30,0,0,3,4,2,0,3,0,0,1,0,1,4,3,1,0,0,6,0,0,0,0,1,0,0,0,0,1,0,0,0,0,0,0,0,0,1,0,0,0,1,0,2,0,1,2,1,0,0,0,2,0,0,0,0,0,0,6,0,1,2,0,0,0,0,0,0,3,4,0,0,0,0,0,1,0,14,0,4,0,0,0,3,1,2,0,0,1,0,0,0,0,0,1,0,0,1,3,0,0,4,0,11,2,0,0
"81",1,0.5,2,2,0,1,0,1,0,4,6,3,0,3,0,35,0,0,2,4,1,0,1,0,0,1,0,0,1,5,1,1,0,5,0,1,0,2,1,0,0,0,0,0,0,0,1,0,0,1,0,0,2,0,1,0,0,3,0,0,1,2,2,0,0,0,1,0,0,1,0,0,0,1,3,2,0,1,0,0,0,0,0,2,3,1,0,0,0,3,4,0,7,1,0,0,0,0,0,0,0,0,0,0,0,0,0,0,0,1,0,0,0,1,2,4,1,0,12,6,0,0
"82",0.25,0,4,2,0,0,0,0,0,0,2,2,0,3,1,2,0,0,0,2,0,0,2,0,0,3,0,0,0,0,1,0,3,2,0,1,0,0,0,0,0,0,0,0,0,0,0,0,0,1,0,0,0,0,0,0,1,0,0,0,0,1,0,0,0,1,0,0,0,0,0,1,0,0,1,0,0,0,0,0,0,0,0,6,3,2,0,0,0,0,0,0,2,0,0,0,0,1,3,0,1,0,2,4,0,0,0,0,0,0,0,0,1,2,0,3,3,1,4,4,0,0
"83",0.5,0.25,0,2,0,0,1,1,0,4,0,4,0,0,0,0,0,0,3,1,1,0,1,0,0,4,0,0,0,2,0,0,3,2,0,0,0,2,0,0,0,0,0,0,0,0,0,0,0,0,0,0,0,0,0,0,0,0,1,0,0,1,1,0,0,0,1,1,0,0,1,0,0,1,0,3,1,0,0,0,1,0,0,4,0,0,0,0,0,3,1,0,7,0,0,0,0,0,0,7,0,0,0,3,0,0,0,0,1,1,0,0,0,2,0,1,5,0,6,7,0,2
"84",0,0,4,1,0,3,0,1,0,0,2,1,0,1,0,4,0,0,2,1,1,0,1,1,0,2,0,0,0,1,0,0,0,3,0,1,0,0,0,0,0,0,0,0,0,0,1,0,0,0,0,0,0,0,3,0,0,0,0,0,0,1,0,0,0,0,1,0,0,0,0,1,0,1,1,2,2,0,0,0,0,0,0,7,2,0,0,0,0,0,0,0,2,0,0,0,2,4,0,1,0,0,0,1,0,0,0,0,0,0,0,0,0,0,0,2,5,0,5,4,0,0
"85",0,0,5,1,0,0,0,0,0,0,0,3,0,1,0,7,0,2,1,2,0,0,6,0,0,3,1,1,0,2,1,1,1,4,0,1,0,0,0,0,2,0,0,2,0,0,0,0,0,0,0,0,0,0,6,0,1,0,0,0,0,0,1,0,0,1,3,0,0,0,1,1,0,2,1,3,2,0,0,0,0,0,0,6,4,0,0,0,0,0,0,0,5,0,1,0,0,1,2,5,0,0,0,0,1,0,0,0,2,0,0,1,1,2,1,1,5,0,1,10,0,0
"86",0,0,0,1,0,1,0,0,0,0,1,3,0,1,0,8,0,0,0,0,1,0,1,0,0,0,0,0,0,1,2,1,0,5,0,2,0,1,0,0,2,0,0,0,0,0,1,0,0,0,0,0,0,1,0,0,1,0,0,0,1,1,0,0,0,2,0,0,1,0,0,0,0,1,2,1,0,0,0,0,0,0,0,2,1,0,0,0,1,0,1,0,0,0,0,0,0,3,2,2,1,0,0,0,1,0,0,0,0,0,0,0,0,0,1,0,6,1,3,7,0,0
"87",0,0,1,1,0,0,0,2,0,2,1,1,0,5,1,5,0,0,2,1,1,0,2,0,0,0,1,3,0,6,2,1,0,2,1,3,0,0,0,0,1,0,0,0,0,0,2,0,0,0,0,0,0,0,0,0,0,1,2,0,1,4,0,1,0,0,6,0,1,1,0,0,0,4,2,0,0,0,0,0,1,0,1,3,1,0,0,0,0,1,0,0,5,0,2,0,0,3,0,0,0,0,0,2,0,1,0,0,2,1,0,1,1,0,2,0,3,1,7,4,0,0
"88",0,0.5,5,1,0,0,1,1,0,8,5,8,0,1,0,27,0,4,5,0,0,0,1,2,0,1,0,2,0,5,1,0,0,3,0,3,0,1,0,0,1,0,0,0,0,0,1,0,0,0,0,0,0,0,0,0,0,1,0,0,1,4,0,0,0,0,8,1,0,0,0,1,0,0,1,0,0,0,0,0,0,0,0,2,2,0,0,0,0,1,1,0,5,1,0,0,0,2,6,1,0,0,0,0,0,0,0,0,0,0,0,0,1,1,3,2,2,0,3,1,0,0
"89",0.5,1,3,1,0,0,0,2,0,3,1,2,0,3,0,35,0,1,2,0,2,0,1,0,0,0,0,0,1,7,3,0,0,6,0,0,0,0,0,0,0,0,0,0,0,0,0,0,0,0,0,0,0,0,0,0,0,0,0,0,1,2,2,0,0,2,1,0,2,1,0,1,0,3,1,3,1,0,1,0,0,0,0,5,0,1,0,0,0,1,1,0,8,0,0,0,0,0,3,0,0,0,1,0,0,0,0,0,0,0,0,0,3,1,0,0,2,0,9,6,0,1
"90",0,0.25,2,1,0,0,0,1,0,2,0,12,0,3,0,18,0,2,0,1,0,0,0,3,0,0,0,3,0,4,1,0,0,8,0,0,0,1,0,0,0,0,0,0,0,0,1,0,0,0,0,0,0,0,2,0,0,2,0,0,1,1,0,0,0,2,3,0,0,1,1,0,0,1,1,3,2,0,1,0,0,1,0,7,2,2,0,0,0,0,1,0,7,0,2,0,0,1,1,1,0,0,1,1,0,0,0,0,1,1,0,0,5,0,1,1,3,0,3,1,0,0
"91",1,0.5,3,1,0,1,0,0,0,1,0,14,0,2,0,18,0,1,0,2,0,0,0,1,0,0,0,2,0,4,0,0,0,10,0,1,1,0,1,0,0,0,0,1,0,0,0,0,0,0,0,0,0,0,0,0,0,0,0,0,0,2,0,0,0,0,3,0,0,3,0,0,0,4,2,0,1,0,1,0,0,0,0,4,3,0,0,0,0,1,0,0,9,0,0,1,0,1,1,0,2,0,0,0,0,0,0,0,0,0,0,0,0,0,2,0,2,0,2,5,0,0
"92",0,0,2,0,0,2,0,2,0,0,0,5,1,1,1,0,0,1,0,1,1,0,1,1,0,1,0,1,0,3,0,0,1,0,0,1,0,0,0,0,0,0,0,0,0,0,1,0,0,1,0,0,0,1,4,0,0,1,0,0,0,0,0,0,0,0,2,1,3,1,1,0,0,2,1,2,0,0,0,0,0,0,0,4,1,1,0,0,0,1,0,0,1,0,1,0,0,0,0,1,0,0,1,1,0,0,0,0,0,1,0,0,0,1,0,0,5,0,9,2,0,0
"93",0.5,0.5,0,0,0,0,0,2,0,1,4,5,0,2,0,14,0,0,2,2,0,0,3,3,0,2,0,0,0,4,2,1,3,5,2,0,0,0,0,0,1,0,0,1,0,0,2,0,0,0,0,0,0,0,0,0,0,1,1,0,0,2,0,0,0,1,2,0,0,0,0,1,0,1,1,1,1,0,0,0,0,0,0,7,0,0,0,0,0,2,1,0,6,2,0,1,1,0,3,2,1,0,1,0,1,0,0,0,1,0,0,0,3,0,1,1,3,0,8,7,0,2
"94",1,0,3,2,0,0,1,2,0,1,2,12,1,2,0,26,0,2,1,1,1,0,4,0,0,0,0,1,1,4,1,0,0,2,0,0,0,0,0,0,1,0,0,1,0,0,2,0,0,0,0,0,4,0,0,0,1,0,0,0,0,3,1,0,0,2,2,0,0,2,0,1,1,4,0,1,0,0,1,0,0,0,0,4,3,2,0,0,0,1,1,0,13,0,1,0,0,2,2,0,0,0,0,0,0,0,0,0,2,0,0,1,2,2,0,0,1,2,6,4,0,0
"95",0.5,0.25,1,2,0,0,0,0,0,1,2,5,0,2,0,18,0,1,0,2,1,0,1,0,0,3,0,3,1,4,0,0,0,6,0,0,0,1,1,0,3,0,0,1,0,0,0,0,1,0,0,0,0,0,0,0,0,0,2,0,0,1,0,0,0,2,7,1,0,0,0,2,0,1,3,1,0,0,0,0,0,0,0,3,2,0,0,0,0,0,0,0,4,0,0,0,0,2,2,0,0,0,0,0,2,0,0,0,4,1,0,0,3,2,0,0,3,0,5,4,0,0
"96",0,1,2,0,0,3,0,0,0,3,4,1,0,3,1,11,0,2,3,3,1,0,2,1,0,1,0,1,0,2,0,1,1,3,0,0,0,1,0,0,1,0,0,0,0,0,0,0,0,0,0,0,0,0,0,0,0,2,1,0,0,2,0,0,0,1,0,0,0,1,1,0,0,0,0,0,2,0,0,0,0,0,0,3,1,0,0,0,0,2,0,0,7,0,0,0,1,2,0,0,0,0,0,0,0,0,0,0,1,1,0,1,0,3,0,2,5,0,3,4,0,0
"97",0.25,0.5,0,2,0,0,1,1,0,2,5,9,0,1,0,18,0,0,4,1,0,0,2,0,0,2,0,1,0,3,1,0,0,3,0,0,0,1,0,0,2,0,0,0,0,0,1,0,0,0,0,0,0,0,0,0,0,6,0,0,0,1,1,0,0,1,2,0,0,1,0,1,0,1,4,0,0,0,0,0,1,0,0,4,2,0,0,0,0,0,0,0,9,0,0,0,0,1,3,1,1,0,3,0,1,0,0,0,2,0,1,0,0,2,1,0,4,0,5,5,0,0
"98",0,0.25,3,3,0,2,1,2,0,4,0,2,3,0,0,7,0,1,3,2,1,0,0,0,0,0,0,3,0,4,0,2,0,3,0,1,0,0,1,0,0,0,0,0,0,0,1,0,0,0,0,0,0,0,0,0,0,1,0,0,0,0,0,2,0,0,6,1,0,0,1,0,0,1,3,0,2,1,0,0,0,0,0,7,0,0,0,0,0,0,0,0,3,0,0,2,0,0,0,0,0,0,2,1,0,0,0,0,1,1,0,0,1,0,0,1,9,0,10,4,0,0
"99",1,0.25,3,1,1,1,0,1,0,1,3,9,0,3,0,24,0,1,3,3,2,0,0,0,0,2,1,2,1,4,0,1,0,8,0,0,0,0,0,0,1,0,0,0,0,0,1,0,0,0,0,0,0,0,0,0,0,1,0,0,0,1,1,0,0,1,2,0,2,0,0,0,0,6,1,0,0,0,0,0,0,0,0,9,5,2,0,0,0,3,2,0,9,0,0,0,0,0,4,1,0,0,0,1,0,0,0,0,0,0,0,0,0,1,0,0,6,0,9,3,0,3
"100",0,0,1,0,0,0,0,1,0,0,1,2,0,2,0,9,0,1,0,2,0,0,0,0,0,1,0,1,0,0,0,0,0,3,0,0,0,0,0,0,1,0,0,0,0,0,0,0,0,0,0,0,0,0,0,0,0,3,0,0,0,0,0,0,0,0,2,0,0,2,0,0,0,3,2,0,1,0,0,0,0,0,0,2,0,1,0,0,0,1,0,0,0,0,1,0,0,0,1,1,0,0,0,4,0,0,0,0,0,0,0,0,0,2,0,1,5,1,4,3,0,1
"101",0,0,4,1,0,0,0,0,0,0,1,2,1,0,0,1,0,0,1,1,0,0,1,2,0,1,0,1,0,1,0,0,1,4,0,0,0,0,0,0,2,0,1,0,0,0,2,0,1,0,0,0,0,0,0,0,1,0,1,0,0,0,1,0,0,0,4,0,1,3,1,0,0,2,2,0,1,0,0,0,0,1,0,2,0,3,0,0,0,0,0,0,0,0,0,0,0,2,0,0,0,2,0,1,0,0,0,0,0,0,0,0,0,1,0,0,5,0,9,5,0,0
"102",0,0.5,6,2,0,1,0,1,0,0,1,5,2,1,0,25,0,0,0,1,0,0,1,0,0,1,0,2,0,4,1,0,0,4,0,1,0,1,1,0,1,0,0,0,0,0,1,0,0,0,0,0,0,0,0,0,1,1,0,0,0,4,0,0,0,1,3,0,0,3,0,0,0,1,1,0,2,0,0,0,0,0,0,4,2,0,0,0,0,0,2,0,11,0,1,0,0,1,1,0,0,0,0,1,0,0,0,0,4,1,0,0,2,1,0,0,5,0,4,2,0,0
"103",0,0,2,0,0,0,0,0,0,1,0,7,0,2,0,13,0,0,1,4,0,0,2,0,0,1,0,0,0,0,2,1,0,1,0,0,0,0,0,0,0,0,0,0,0,0,1,0,0,0,0,0,0,0,0,0,1,3,0,0,0,2,0,0,0,0,1,0,0,0,0,0,0,1,3,0,1,0,0,0,0,0,0,2,1,0,0,0,0,0,1,0,3,1,0,0,0,2,2,0,0,0,0,3,0,0,0,0,1,1,0,0,0,1,0,0,5,1,7,2,0,1
"104",0,0,4,1,0,0,1,0,0,1,2,5,0,0,0,1,0,0,0,2,0,0,1,0,0,1,0,0,0,3,0,0,0,10,0,1,0,0,0,0,0,0,0,1,0,0,1,0,1,0,0,0,0,0,0,0,1,0,0,0,0,0,0,0,0,1,4,0,0,1,0,0,0,0,1,0,1,0,0,0,0,0,0,5,1,0,0,0,0,0,0,0,1,0,1,0,1,0,0,0,0,0,0,2,0,0,0,0,1,0,0,0,0,0,0,0,5,0,8,3,0,1
"105",0,0,6,1,0,0,0,2,0,3,0,3,0,1,0,4,0,0,2,3,1,0,2,0,0,4,1,3,0,4,0,2,8,2,2,1,0,1,0,0,2,0,0,0,0,1,1,0,0,0,0,0,0,0,0,0,0,2,0,0,0,2,1,2,0,1,5,0,1,1,0,1,0,4,1,0,0,0,1,0,1,0,0,7,4,0,0,0,1,0,2,0,10,0,0,0,0,2,3,1,0,0,0,1,0,0,0,0,3,0,0,0,0,2,1,0,2,0,5,7,0,0
"106",0,0,3,0,0,1,0,0,0,0,0,2,0,2,0,2,0,0,1,0,0,0,0,0,1,0,0,0,0,1,0,0,1,0,0,0,0,0,0,0,1,0,0,0,0,0,0,0,0,0,0,0,0,0,0,0,0,1,0,0,0,5,0,0,0,0,4,0,0,3,0,0,0,1,3,0,1,0,0,0,1,1,0,6,1,1,0,0,0,0,0,0,1,0,2,0,0,0,0,1,0,0,0,1,0,0,0,0,0,3,0,0,0,0,0,0,4,0,10,6,0,1
"107",0,0,0,2,0,0,1,1,0,3,2,4,0,3,0,4,0,0,1,2,0,0,0,0,0,0,0,0,0,2,0,0,0,1,0,1,0,2,0,0,0,0,0,1,0,0,0,0,0,0,0,0,0,0,0,0,2,0,0,0,0,0,1,0,0,0,1,0,0,0,1,0,0,1,2,0,2,0,0,0,0,0,0,0,0,0,0,0,0,1,1,0,0,0,0,0,0,2,0,0,0,0,0,3,0,0,0,0,0,0,0,0,0,0,0,0,5,0,8,3,0,2
"108",0,0,7,1,0,0,1,4,0,1,2,3,0,1,0,2,0,0,1,3,0,0,0,0,0,0,0,0,0,2,1,0,0,4,0,1,0,0,0,0,0,0,0,0,0,0,0,0,2,0,0,0,0,0,0,0,0,0,0,0,0,0,0,0,0,0,1,1,4,0,1,0,0,0,1,0,1,0,0,0,1,0,0,3,0,1,0,0,0,2,0,0,2,0,0,0,0,1,0,2,1,0,0,0,0,0,0,0,0,0,0,1,0,0,0,1,6,2,8,3,0,0
"109",0,0,5,3,0,0,0,0,0,1,1,3,0,0,0,1,0,0,4,5,0,0,1,0,0,8,0,0,0,4,0,0,8,2,0,0,0,0,0,0,2,0,0,0,0,0,0,0,0,0,0,0,0,1,0,0,0,0,1,0,0,0,0,0,0,0,3,0,3,0,0,0,0,4,2,0,0,0,0,0,1,0,0,2,2,1,0,0,0,1,0,0,8,0,0,0,0,1,3,0,0,0,0,1,0,0,1,0,1,0,0,0,0,4,1,0,3,0,3,4,0,0
"110",1,1,5,2,0,0,0,2,0,2,6,1,0,2,0,25,0,2,2,0,2,0,4,1,0,2,0,1,1,3,2,0,4,4,0,1,0,1,0,0,0,0,0,0,0,1,0,0,0,0,0,0,0,0,0,0,0,0,0,0,0,3,0,0,0,2,2,0,1,2,0,0,0,3,4,0,0,0,0,0,0,0,0,4,2,0,0,0,0,2,0,0,8,0,0,1,0,2,2,0,1,0,0,1,0,0,0,0,1,0,0,0,1,0,2,0,2,0,6,6,0,3
"111",0.5,0,3,0,0,1,0,1,0,2,1,1,6,4,1,11,0,0,0,2,0,0,1,1,0,0,0,1,0,3,0,1,0,1,0,1,0,0,0,0,0,0,0,0,0,0,1,0,1,0,0,0,0,0,0,0,0,3,0,0,0,0,0,0,0,0,1,0,5,6,1,0,0,2,0,0,1,0,1,0,0,0,0,5,0,0,0,0,0,0,1,0,1,0,0,0,2,1,1,1,0,0,0,0,0,0,0,0,0,1,0,0,1,0,0,0,7,2,12,2,0,0
"112",0,0,3,1,0,1,0,0,0,2,0,1,0,2,1,1,0,0,0,3,0,0,1,0,0,0,0,0,0,0,1,0,0,3,0,0,0,0,0,0,0,0,0,0,0,0,0,0,0,0,0,0,0,0,2,0,1,1,0,0,0,0,0,0,0,1,3,0,3,0,0,1,0,0,2,0,2,0,0,0,0,0,0,2,3,0,0,0,0,0,1,0,0,0,0,0,0,2,0,2,0,0,2,8,0,0,0,0,0,0,0,0,2,1,0,0,7,0,6,1,0,0
"113",0.25,0,1,2,0,0,0,1,0,5,4,7,0,0,0,30,0,0,3,2,1,0,0,3,0,4,0,4,3,1,0,1,5,8,0,0,1,4,0,0,0,0,0,0,0,0,0,0,0,0,0,0,1,1,0,0,1,1,0,0,0,3,1,0,0,2,6,0,0,0,0,0,0,5,0,0,0,0,2,0,1,0,0,3,6,1,0,0,0,3,3,0,16,1,0,0,0,2,5,1,0,0,0,0,0,0,0,0,3,3,0,0,0,2,3,1,2,1,7,7,0,1
"114",0.5,0,2,0,0,0,1,0,0,0,0,3,0,0,1,5,0,0,0,1,0,0,0,0,0,0,0,1,0,0,0,0,0,2,0,2,0,0,1,0,1,0,0,0,0,0,0,1,1,1,0,0,0,0,0,0,0,0,0,0,0,0,0,0,0,0,1,0,0,0,2,0,0,1,0,0,1,0,0,0,0,0,0,2,0,0,0,0,0,1,0,0,0,0,4,0,0,1,0,1,0,0,0,2,0,0,0,0,0,0,0,0,0,2,0,1,7,3,10,7,0,0
"115",0,0,1,1,0,0,0,1,0,2,1,2,0,0,0,4,0,2,0,1,2,0,1,0,0,0,0,0,0,3,0,0,0,4,0,0,0,0,0,0,0,0,0,0,0,0,2,0,1,1,0,0,0,0,0,0,0,0,0,0,0,0,0,0,0,0,5,0,0,1,0,1,0,2,2,0,2,0,0,0,0,0,0,3,0,1,0,0,0,1,0,0,0,0,2,0,1,1,0,1,1,0,1,1,1,0,0,0,2,1,0,0,0,0,0,1,5,1,8,4,0,0
"116",0.25,1,6,3,0,0,0,2,0,4,5,3,0,1,0,23,0,0,2,0,1,0,1,2,0,0,0,3,0,5,2,0,1,6,0,1,0,5,2,0,1,0,0,1,0,0,0,0,0,0,0,0,0,0,0,0,0,2,0,0,0,0,0,0,0,0,3,2,0,0,0,1,0,2,2,0,3,0,0,0,1,0,0,5,1,0,0,0,0,0,1,0,13,0,0,0,0,0,1,0,0,0,1,3,0,0,0,0,1,0,0,0,0,4,2,0,4,2,6,5,0,0
"117",0,1,0,1,0,0,0,2,0,1,4,2,0,2,0,20,0,0,1,1,1,0,2,0,0,0,0,2,2,2,2,0,0,2,0,1,0,0,0,0,0,0,0,0,0,0,1,0,0,0,0,0,0,0,0,0,2,4,0,0,0,2,0,2,0,0,7,0,1,0,0,0,1,2,1,0,0,0,0,0,0,0,0,3,0,2,0,0,1,0,0,0,5,0,0,0,0,2,1,1,0,0,0,2,0,0,0,0,4,0,0,0,2,1,1,0,1,2,7,1,0,0
"118",0,0.5,1,1,0,0,1,0,0,2,3,7,0,1,0,6,0,0,1,0,0,0,1,1,0,1,0,1,0,2,1,0,0,0,0,2,0,0,0,0,1,0,0,0,0,0,3,0,0,0,0,0,0,0,0,0,0,4,0,0,1,1,0,0,0,0,1,1,2,0,1,0,0,2,0,0,3,0,0,2,1,0,0,3,1,1,0,0,1,0,0,0,0,0,3,0,1,0,0,0,0,0,0,0,0,0,0,0,0,1,0,0,0,0,0,1,2,1,5,11,0,0
"119",0.25,0,7,1,0,3,0,0,0,1,1,5,0,2,1,4,0,0,1,0,0,0,0,0,0,0,0,0,0,1,0,2,0,3,0,2,0,1,0,0,1,0,0,0,0,1,1,0,4,2,0,0,0,0,0,0,0,5,0,0,1,0,0,1,0,0,3,0,2,1,0,0,0,1,3,0,0,0,1,0,0,0,0,3,4,2,0,0,0,0,4,0,0,0,3,0,1,1,1,1,0,0,2,1,0,0,0,0,0,3,0,0,0,1,0,0,9,2,10,2,0,5
"120",0.5,1,1,0,0,5,0,1,0,0,1,2,0,0,1,0,0,1,0,4,0,0,2,0,0,6,4,0,0,6,1,0,16,0,1,0,0,0,0,0,1,0,0,0,0,0,0,0,0,1,0,0,0,0,0,0,0,1,0,0,0,1,0,0,0,0,1,0,0,1,0,2,0,2,2,0,0,0,0,0,0,1,0,3,1,2,0,0,0,1,1,0,3,0,1,0,0,0,0,1,0,0,0,1,0,0,0,0,0,0,0,0,0,0,0,0,4,4,7,5,0,0
"121",1,0,2,0,0,1,1,2,0,1,1,1,0,2,0,1,0,1,1,5,1,0,1,2,0,1,5,0,0,3,1,0,6,2,0,0,0,0,0,0,2,0,0,0,0,0,2,0,0,1,0,0,0,0,0,0,0,1,0,0,0,3,0,0,0,0,4,2,1,2,0,0,0,2,1,0,1,0,0,0,0,0,0,4,1,0,0,0,0,2,0,0,3,0,0,0,0,1,0,1,0,0,0,0,0,0,0,0,0,0,0,1,0,1,0,0,4,1,5,3,0,0
"122",1,0,2,0,0,2,2,2,0,3,0,0,1,0,1,1,0,1,0,4,1,0,0,0,0,1,0,1,0,2,1,0,5,1,0,1,0,1,0,0,1,0,0,0,0,0,0,0,1,0,0,0,0,1,0,0,1,0,0,0,0,0,0,0,0,0,6,0,1,0,0,1,0,2,1,0,1,0,0,0,0,1,0,6,2,1,0,0,0,1,0,0,0,0,3,0,0,1,1,0,0,0,0,2,0,0,0,0,1,0,0,0,0,3,0,1,6,3,10,6,0,1
"123",1,0,7,1,0,2,0,1,0,3,0,1,0,2,0,0,0,0,2,6,1,0,0,0,0,4,1,2,0,3,0,0,6,5,0,2,0,0,0,0,0,0,0,1,0,0,0,0,0,1,0,0,0,0,0,0,0,0,0,0,0,1,0,0,0,0,1,0,0,0,0,0,0,0,3,0,0,0,0,0,2,0,0,6,2,0,0,0,0,1,0,0,4,0,0,0,2,0,1,0,1,0,2,2,0,0,0,0,1,0,0,0,0,0,0,1,1,3,3,4,0,1
"124",1,0,3,1,0,4,1,0,0,2,0,1,2,2,0,1,0,0,2,3,2,0,0,0,0,2,0,1,0,4,0,0,0,3,0,0,0,0,0,0,1,0,0,0,0,0,1,0,0,0,0,0,0,0,0,0,0,5,0,0,0,1,0,0,0,0,4,0,2,1,0,1,0,2,0,0,1,0,0,1,0,0,0,3,4,1,0,0,0,1,3,0,3,0,0,0,1,1,2,0,0,0,0,1,0,0,0,0,2,2,0,0,1,0,0,0,10,6,7,2,1,1
"125",0.25,0.5,3,1,0,0,1,0,0,2,1,4,2,3,0,14,0,0,2,3,2,0,1,0,0,1,0,2,0,1,0,0,1,1,2,1,0,2,0,0,0,0,0,1,0,0,0,0,0,0,0,0,0,0,0,0,0,6,0,0,0,4,0,0,0,0,2,0,0,1,0,0,0,2,2,0,2,0,1,0,1,0,0,3,2,0,0,0,1,0,2,0,4,0,2,0,0,0,4,1,0,0,0,2,0,0,0,0,0,0,0,0,1,0,2,0,5,3,6,5,0,3
"126",0.5,1,2,3,0,3,0,2,0,1,0,2,0,2,0,3,0,0,2,2,0,0,0,0,0,2,0,1,0,6,1,1,2,2,0,0,0,0,0,0,3,0,0,0,0,0,1,0,0,1,0,0,0,0,0,0,0,3,0,0,0,3,0,0,0,0,1,0,4,0,0,0,0,2,0,0,1,0,1,0,0,1,0,4,4,1,0,0,0,1,0,0,5,0,0,0,0,2,0,1,0,0,0,0,0,0,0,0,0,1,0,0,1,1,1,0,4,5,3,7,0,0
"127",0.25,0,0,0,0,3,0,0,0,0,0,3,0,0,0,19,0,0,1,8,0,0,1,0,0,2,0,1,0,2,0,1,0,6,1,2,0,0,0,0,2,0,0,0,0,0,1,0,0,0,0,0,0,0,0,0,0,0,0,0,0,3,0,0,0,0,2,0,2,0,0,0,0,2,1,0,0,0,0,1,0,0,0,1,2,2,0,0,0,0,0,0,5,0,0,0,1,0,2,0,0,0,0,1,0,0,0,0,0,1,0,0,0,2,3,0,9,1,7,4,0,0
"128",0,1,3,3,0,0,0,4,1,2,2,3,0,0,1,15,0,0,2,3,0,0,2,1,0,0,0,2,1,1,1,0,1,1,1,1,1,0,0,0,0,0,0,0,0,0,0,0,0,1,0,0,0,0,0,0,1,0,1,0,1,4,0,0,0,0,3,0,0,1,1,2,0,1,0,0,1,0,0,0,1,0,0,4,2,1,0,0,0,0,0,0,8,0,1,0,0,0,2,0,0,0,0,0,0,0,0,0,0,0,0,0,0,0,2,1,2,2,2,7,0,1
"129",1,1,4,0,0,2,0,1,0,4,0,3,0,1,1,19,0,0,2,6,0,0,2,1,0,1,0,1,1,7,2,1,0,5,0,4,0,0,0,0,2,0,0,0,0,0,0,0,1,0,0,0,0,0,0,0,0,0,1,0,0,1,1,0,0,0,3,0,0,1,0,0,0,1,1,0,0,0,0,0,0,0,0,1,0,0,0,0,0,0,0,0,3,0,0,0,0,0,2,0,0,0,0,1,0,0,0,0,0,3,0,0,0,0,1,0,2,0,7,3,0,0
"130",0.5,0.25,1,0,0,2,0,0,0,1,0,6,0,4,0,12,0,0,1,4,1,0,2,0,0,2,0,1,1,1,0,0,5,5,0,3,0,0,0,0,1,0,0,0,0,0,0,0,21,0,0,0,0,0,0,0,1,2,0,0,1,1,2,36,0,1,2,0,1,0,1,0,0,3,4,0,0,0,0,2,1,0,0,4,3,1,0,0,0,0,1,0,8,0,0,0,0,2,2,0,1,0,0,1,8,0,0,0,1,1,0,1,0,1,1,0,6,2,8,4,0,1
"131",0,0,1,1,0,5,0,0,0,1,0,5,0,3,0,6,0,0,0,2,0,0,1,1,0,0,0,0,0,3,2,0,0,2,0,3,0,0,0,0,0,0,0,0,0,0,1,0,0,0,0,0,0,0,0,0,1,1,0,0,0,0,0,0,0,0,1,3,3,0,0,0,0,1,3,0,1,0,0,0,0,0,0,5,0,1,0,0,0,0,1,0,0,0,1,0,1,0,0,0,0,0,1,0,0,0,0,0,0,0,0,0,0,1,0,0,5,2,8,3,0,0
"132",0,0.5,8,3,0,0,1,0,0,0,0,7,0,2,0,10,0,1,5,1,0,0,1,0,0,4,0,1,0,2,0,0,3,7,1,1,0,0,0,0,0,0,0,0,0,0,0,1,0,2,0,0,0,0,0,0,0,3,1,0,1,2,0,0,0,0,1,0,0,1,0,0,0,3,0,0,0,0,0,0,1,0,0,5,1,0,0,0,0,0,0,0,10,0,0,0,0,1,2,0,0,0,0,7,0,1,0,0,0,0,0,0,0,1,0,1,3,3,8,8,0,0
"133",0,0.5,1,1,0,3,0,0,0,0,0,13,0,2,0,11,0,0,2,1,1,0,2,2,0,2,0,3,0,6,1,2,1,6,0,1,0,0,0,0,2,0,5,0,0,0,0,0,0,0,0,0,0,0,0,0,1,0,0,0,0,1,0,0,0,0,2,3,0,1,0,0,0,1,2,0,1,0,0,0,0,1,0,4,2,0,0,0,0,0,0,0,9,0,0,0,0,1,0,1,0,0,0,0,0,0,0,0,1,0,0,0,0,2,1,0,6,4,6,5,0,0
"134",0,0,3,0,0,2,0,2,0,0,0,0,0,3,0,3,0,0,0,0,1,0,1,1,0,1,0,3,0,2,0,0,0,5,0,1,0,0,0,0,1,0,0,0,0,0,1,0,1,0,0,0,0,0,0,0,1,3,1,0,0,0,0,0,0,0,5,0,0,0,1,0,0,1,0,0,1,0,0,0,0,1,0,2,0,1,0,0,0,1,0,0,1,1,1,0,0,1,1,1,0,0,0,0,0,0,0,0,0,0,0,0,0,0,0,0,7,3,8,3,0,0
"135",0,0,3,1,0,4,0,1,0,0,0,1,2,4,0,1,0,0,2,7,1,1,1,1,0,7,2,1,0,2,1,1,8,2,0,0,0,0,0,0,0,0,0,0,0,0,2,0,1,0,1,0,0,0,0,0,1,0,0,0,0,0,0,0,0,0,3,0,1,1,0,1,0,2,0,0,2,0,0,0,0,0,0,3,1,0,0,0,0,0,0,0,11,0,0,0,0,1,1,0,0,0,0,1,0,0,0,0,0,0,0,0,1,1,0,0,4,4,2,4,0,1
"136",1,0.5,3,0,0,1,0,2,0,1,0,4,0,1,0,14,0,0,1,1,0,0,5,0,0,1,1,4,0,3,1,0,0,3,0,2,0,0,0,0,1,0,0,0,0,0,1,0,0,0,0,0,0,0,0,0,1,0,0,0,1,4,0,0,0,1,1,0,1,1,1,0,0,2,1,0,2,0,0,0,0,0,0,3,5,1,0,0,0,0,0,0,4,0,0,1,1,1,2,1,0,0,1,2,0,0,0,0,1,0,0,1,2,2,0,0,4,10,5,7,0,0
"137",0,0,1,0,0,5,0,0,0,0,0,1,0,0,0,5,0,0,0,3,1,0,0,0,0,0,0,0,0,2,1,0,0,3,0,3,0,0,0,0,0,0,0,0,0,0,0,0,0,0,0,0,0,0,0,0,0,1,0,0,0,0,0,0,0,0,1,0,1,1,0,1,0,1,0,0,1,0,0,0,0,1,0,4,0,0,0,0,0,0,1,0,0,0,1,0,2,0,1,0,0,2,0,1,0,0,0,0,0,0,0,0,0,0,1,0,9,8,4,8,0,3
"138",1,1,1,2,1,0,1,0,0,1,2,13,0,2,1,27,0,1,5,1,1,0,1,0,0,2,0,1,0,2,0,0,0,6,1,0,0,1,0,0,0,0,0,2,0,0,0,0,0,0,0,0,0,0,0,0,0,2,0,0,0,4,0,0,0,0,4,0,0,2,0,0,0,2,1,0,4,0,0,0,1,0,0,3,3,2,0,0,0,0,1,0,15,0,1,0,0,1,2,0,0,0,0,0,0,0,0,0,2,0,0,0,0,2,2,0,2,10,5,4,0,0
"139",0,0.25,4,0,0,4,1,2,0,2,0,4,0,1,0,8,0,1,1,1,2,0,1,0,0,1,0,1,0,0,1,4,0,4,0,0,0,0,0,0,2,0,0,0,0,0,1,0,0,0,0,0,0,1,0,0,0,1,0,0,0,0,0,0,0,0,0,3,0,1,0,0,0,3,3,0,0,0,0,0,0,0,0,3,0,0,0,0,0,0,1,0,1,0,1,0,0,3,0,1,0,0,0,1,0,0,0,0,1,0,0,0,0,0,0,1,6,2,9,0,0,0
"140",0.25,0.5,1,2,3,0,0,2,0,3,0,3,0,2,0,2,0,0,3,1,0,0,0,0,0,2,0,1,0,1,1,0,0,3,0,4,0,0,0,0,0,0,0,0,0,0,0,0,0,0,1,0,0,0,0,0,1,6,0,0,0,3,1,0,0,0,3,1,1,2,0,0,0,3,3,0,1,0,0,0,0,0,0,4,2,1,0,0,0,1,0,0,0,0,0,0,0,1,0,0,0,0,0,1,0,0,0,0,2,0,0,0,2,0,0,0,5,3,7,4,0,0
"141",1,0.5,4,1,0,0,0,2,0,2,1,7,0,0,0,10,0,0,3,3,2,0,1,0,0,3,0,1,0,2,1,0,1,4,0,0,1,0,0,1,1,0,0,0,0,0,1,0,0,0,0,0,0,0,0,0,0,2,0,0,1,0,0,0,0,0,5,0,1,0,0,0,0,1,0,0,0,0,0,0,0,1,0,5,2,0,0,0,0,0,1,0,11,0,0,0,0,1,6,3,0,0,0,1,0,0,0,0,4,0,0,0,0,2,1,1,5,9,2,4,0,0
"142",0,0,2,3,0,0,0,0,0,2,0,0,0,1,0,2,0,0,0,1,1,0,0,0,0,0,1,0,0,1,0,0,5,1,0,1,0,0,0,0,3,0,0,0,0,0,0,0,0,0,0,0,0,0,0,0,0,0,0,0,0,0,0,0,0,0,1,1,0,1,0,1,1,1,2,0,0,0,0,0,0,0,0,1,0,0,0,0,0,0,2,0,0,0,0,0,0,0,0,2,0,0,0,3,0,0,0,1,0,0,0,0,1,0,0,1,8,6,8,3,0,0
"143",0,0,0,0,0,1,1,0,0,0,0,0,0,1,0,0,0,0,1,4,0,0,1,0,0,0,1,0,0,0,0,1,9,2,0,0,0,1,0,0,1,0,0,0,2,0,1,0,0,0,3,0,0,0,0,0,0,1,0,0,0,0,1,0,0,0,3,0,0,0,0,1,0,0,0,0,0,0,0,0,0,1,0,1,0,1,0,0,1,2,1,0,0,0,0,0,0,1,0,1,0,0,1,4,0,0,0,1,0,5,0,0,1,2,0,0,6,0,8,1,0,2
"144",0.5,0,2,0,0,0,0,2,0,3,0,3,0,0,0,4,0,1,2,2,0,0,4,1,0,0,0,1,0,3,0,0,0,4,0,3,0,0,0,0,1,0,0,0,0,0,0,0,0,0,0,0,0,0,0,0,0,0,0,0,0,0,0,0,0,1,3,0,0,3,0,1,0,4,2,0,1,0,0,0,0,0,0,2,0,0,0,0,0,0,2,0,2,0,0,0,0,0,0,0,0,0,2,3,1,0,0,0,0,2,0,0,0,0,0,0,4,12,4,1,0,0
"145",1,1,2,0,0,0,0,0,0,0,1,1,0,2,0,6,0,0,0,4,0,0,1,0,0,1,0,1,0,6,1,2,0,1,1,2,0,0,0,0,2,0,0,0,0,0,0,0,0,0,0,0,0,0,0,0,1,0,0,0,0,0,0,0,0,0,3,0,0,0,0,2,0,2,3,0,1,0,0,0,0,0,0,3,0,3,0,0,0,1,1,0,2,0,1,0,0,2,1,1,0,0,0,1,0,0,0,0,0,1,0,1,0,1,0,0,5,4,5,1,0,0
"146",0.5,0.25,0,0,0,2,0,0,0,0,1,0,0,0,0,0,0,0,0,1,0,0,0,0,0,2,0,0,0,0,0,0,1,2,0,2,0,0,0,0,1,0,0,0,0,0,0,0,0,0,1,0,0,0,0,0,1,0,0,0,0,1,0,0,0,0,1,0,0,0,0,1,0,1,1,1,2,0,0,0,1,2,0,1,0,1,0,0,0,0,0,0,0,0,0,0,0,0,1,0,0,0,0,1,0,0,0,0,0,0,0,0,0,0,0,0,3,3,9,2,0,1
"147",0.25,0,1,1,0,0,0,0,0,0,0,1,1,1,0,3,0,1,0,0,0,0,0,0,0,0,0,1,0,1,0,0,0,5,1,0,0,0,0,0,0,0,0,1,0,0,0,0,0,0,0,0,0,0,0,0,1,0,0,0,0,1,0,0,0,0,2,0,3,2,0,1,0,0,5,1,1,0,0,0,0,1,0,0,0,0,0,0,0,0,0,0,0,0,0,0,0,2,0,0,0,0,0,5,0,0,0,0,0,1,0,0,0,1,0,0,5,7,11,2,0,0
"148",1,0.5,2,0,1,0,0,0,0,2,2,7,2,4,0,23,0,0,2,0,0,0,1,0,0,0,0,0,0,2,2,3,0,7,0,0,1,1,2,0,2,0,0,0,0,0,0,0,0,0,0,0,0,0,0,0,0,0,0,0,1,0,0,0,0,0,6,0,0,2,0,0,0,5,2,1,0,0,1,0,0,0,0,3,1,1,0,0,0,0,1,0,9,3,0,0,0,0,2,0,0,1,0,0,0,0,0,0,0,1,0,1,1,2,4,0,4,14,6,4,0,2
"149",0,0.25,1,2,0,3,0,0,0,0,0,2,0,0,1,3,0,1,2,4,0,0,1,0,0,0,0,0,0,1,0,1,0,2,0,0,0,0,0,0,1,0,0,0,0,0,0,0,0,0,5,0,0,0,0,0,0,1,0,0,0,0,0,0,0,0,3,0,1,0,1,0,0,1,0,0,1,0,1,0,0,0,0,1,1,1,0,0,0,0,0,0,0,0,0,0,1,2,1,0,0,0,0,2,0,0,0,0,0,0,0,1,1,1,0,0,6,6,4,9,0,4
"150",0.5,0,2,1,0,0,0,2,0,5,0,0,0,1,0,0,0,0,4,1,0,0,2,0,0,8,2,1,0,1,3,0,7,2,1,3,0,0,0,0,0,0,0,1,0,0,0,0,0,0,1,0,0,0,0,0,2,1,3,0,0,0,1,0,0,0,9,0,0,0,1,0,0,3,1,0,0,0,0,0,1,0,0,2,3,1,0,0,0,0,0,0,6,0,0,0,1,3,0,2,0,0,0,0,0,0,0,1,0,0,0,1,0,1,1,2,4,15,4,9,0,0
"151",0.25,0.25,2,1,0,2,0,1,0,0,2,2,0,3,0,0,0,1,1,5,0,0,1,0,0,17,2,1,0,0,0,0,10,3,0,5,0,0,0,0,0,0,1,0,0,0,0,0,0,0,0,0,0,0,0,0,0,1,0,0,0,0,0,0,0,0,2,0,0,2,0,3,0,0,0,0,0,0,0,0,1,0,0,2,0,2,0,0,0,0,0,0,1,0,4,0,0,0,0,1,0,0,2,1,0,0,0,0,0,0,0,0,0,0,0,1,8,3,3,0,0,0
"152",0,0,0,0,0,3,0,0,0,1,0,2,0,1,0,1,0,1,1,5,0,0,2,0,0,1,0,0,0,0,0,0,0,3,0,2,0,0,0,0,0,0,0,1,0,0,1,0,0,0,6,0,0,0,0,0,0,0,0,0,0,0,0,0,0,0,2,0,1,0,0,2,0,0,4,0,1,0,1,0,0,1,0,3,0,0,0,0,0,0,0,0,0,0,1,0,0,0,1,0,0,0,0,1,0,0,0,0,1,0,0,0,0,1,0,0,5,2,10,5,0,0
"153",0,0,4,0,0,0,0,0,0,0,1,1,0,2,0,1,0,0,0,3,0,0,0,0,0,4,0,0,0,3,3,0,0,1,1,2,0,0,0,0,0,0,0,0,0,0,0,0,1,0,0,0,0,0,0,0,1,1,0,0,0,0,0,0,0,0,4,0,2,4,0,2,1,1,1,0,1,0,0,0,0,0,0,3,0,0,0,0,0,0,2,0,1,0,3,0,0,1,0,1,0,0,0,1,0,0,0,0,0,0,0,0,0,1,0,1,5,6,7,3,0,0
"154",0.5,0,4,0,0,0,0,1,0,3,0,1,0,1,0,1,0,0,1,7,0,0,1,0,0,0,0,2,0,0,1,0,0,6,0,0,0,0,0,0,0,0,0,0,0,0,1,0,0,0,3,0,0,0,0,0,0,1,0,0,0,0,0,0,0,0,5,0,0,2,0,0,0,1,1,0,1,0,0,0,0,0,0,3,0,2,0,0,0,0,0,0,0,0,4,0,0,1,0,0,0,0,0,0,0,0,0,0,0,1,0,0,1,2,0,0,6,2,7,1,0,0
"155",0,0,4,0,0,4,0,0,0,0,2,0,1,1,0,8,0,0,2,2,0,0,0,0,0,0,0,3,1,5,0,0,0,1,0,0,0,0,0,0,0,0,0,0,0,0,0,0,1,0,2,0,0,0,0,0,0,0,0,0,0,0,0,0,0,0,2,0,2,4,0,0,0,1,0,0,1,0,0,0,0,0,0,4,0,1,0,0,0,0,1,0,1,0,1,0,1,4,0,1,0,0,0,0,1,0,0,0,1,1,0,0,0,0,0,0,8,9,9,0,0,0
"156",0.5,0.25,7,0,1,0,0,1,0,3,0,0,0,2,0,0,0,0,0,2,2,0,1,0,0,9,3,1,0,0,4,0,10,2,0,4,0,0,0,0,0,0,0,0,0,0,0,0,0,0,0,0,0,0,0,0,0,0,0,0,0,0,1,0,0,0,0,0,0,0,1,0,0,1,1,0,0,0,0,0,0,0,0,2,0,3,0,0,0,1,3,0,9,0,0,0,0,0,4,0,1,0,0,0,0,0,0,0,0,0,0,1,0,1,0,1,1,10,1,6,0,4
"157",0.5,1,3,0,0,1,0,2,0,1,0,0,0,0,0,0,0,0,1,3,0,0,1,0,0,5,3,0,0,0,0,0,16,0,0,0,0,0,0,0,0,0,0,0,0,0,0,0,0,0,0,0,0,1,0,0,0,0,1,0,0,0,0,0,0,0,0,0,0,0,0,0,0,1,0,0,1,0,1,0,3,0,0,3,0,1,0,0,0,0,0,0,1,0,0,0,1,0,0,0,0,0,0,4,0,0,0,0,0,1,0,0,0,0,0,1,4,7,7,1,0,1
"158",0,0,4,1,0,3,1,3,1,2,1,4,1,4,0,7,0,0,1,3,1,0,0,0,0,0,0,1,0,0,1,0,0,2,0,2,0,2,0,0,1,0,0,1,0,0,1,0,0,0,1,0,0,0,0,0,1,0,0,0,0,0,0,0,0,0,3,0,0,1,1,0,0,3,2,0,0,0,0,0,0,2,0,3,0,1,0,0,0,0,1,0,0,0,0,0,3,0,0,0,0,0,1,0,0,0,0,0,0,1,0,0,0,2,0,3,6,3,4,3,0,0
"159",0.25,0.5,8,0,0,3,0,0,0,2,0,3,1,0,0,2,0,1,1,2,0,0,0,1,0,1,0,1,0,4,0,0,0,2,0,0,0,0,0,0,2,0,0,0,0,0,1,0,0,0,2,0,0,0,0,0,1,3,0,0,0,0,0,0,0,0,3,2,2,0,2,0,0,1,0,0,1,0,0,0,0,1,0,4,1,1,0,0,0,0,0,0,2,0,0,0,0,0,0,2,0,0,0,0,0,0,0,0,0,0,0,0,3,2,0,1,6,13,4,3,0,0
"160",0.25,0,3,0,0,3,1,0,0,2,0,1,0,1,1,8,0,0,0,3,1,0,0,0,0,0,0,1,0,3,1,1,1,1,1,0,0,2,0,0,0,0,0,0,0,0,0,0,0,0,0,0,0,1,0,0,0,0,0,0,0,0,0,0,0,0,2,1,0,1,0,0,0,2,2,0,0,0,1,0,0,0,0,6,0,0,0,0,0,0,1,0,0,0,1,0,0,0,0,4,0,0,1,2,0,0,0,0,1,2,0,0,0,1,0,0,6,4,7,0,0,0
"161",0,0,1,1,0,0,0,0,0,0,0,0,0,0,0,0,0,0,2,5,0,0,1,0,0,7,0,1,0,3,2,0,8,1,0,0,0,0,0,0,0,0,2,0,0,0,0,0,1,0,2,0,0,0,0,0,1,0,1,0,0,0,0,1,0,0,2,0,0,0,0,0,0,3,0,0,0,0,1,0,0,0,0,2,0,2,0,0,0,1,1,0,0,0,0,0,0,0,0,0,0,0,0,0,0,0,0,0,0,0,0,1,0,0,0,1,4,3,4,3,0,6
"162",0,1,0,0,0,0,1,0,0,3,0,2,0,1,0,0,0,1,3,2,0,0,0,0,0,12,0,0,0,0,0,0,4,0,2,0,0,0,0,0,0,0,0,1,0,0,0,0,0,0,2,0,0,0,0,0,0,1,1,0,0,1,0,0,0,0,0,0,0,1,1,1,0,0,0,0,0,0,1,0,0,0,0,1,1,1,0,0,0,1,1,0,1,0,0,0,0,0,0,1,0,0,1,0,0,0,0,0,1,1,0,0,0,0,0,0,6,10,10,5,0,2
"163",0.5,0,1,0,0,0,0,0,0,1,2,3,0,0,0,24,0,0,2,5,0,0,1,0,0,1,0,3,1,1,0,0,1,7,0,0,0,1,0,0,1,0,0,0,0,0,1,0,0,0,0,0,1,3,0,0,1,0,2,0,0,0,0,0,0,1,2,0,1,0,0,0,0,2,0,0,0,0,1,0,0,0,0,3,0,0,0,0,0,0,2,0,18,0,2,0,0,4,1,1,0,0,0,4,0,0,0,0,0,0,0,0,0,2,3,0,4,12,2,1,1,0
"164",1,0,0,0,0,0,0,0,0,0,0,1,0,0,0,3,0,0,4,3,1,0,3,0,0,3,0,1,0,3,1,2,1,1,0,0,0,0,0,0,0,0,1,0,0,0,0,0,0,0,5,1,0,0,0,0,1,3,1,0,0,0,0,0,0,0,5,0,0,6,0,0,0,1,2,0,0,0,1,0,1,0,0,4,0,2,0,0,0,0,0,0,1,1,0,0,0,0,0,3,0,0,0,2,0,0,0,0,0,0,0,0,0,1,0,0,5,7,13,12,0,3
"165",0,0,0,0,0,0,0,0,0,1,0,0,0,0,1,1,0,0,1,2,0,1,0,1,0,4,0,2,0,1,0,4,1,1,0,0,0,0,0,0,0,0,0,0,0,0,1,0,0,0,0,0,0,0,0,0,1,0,1,0,0,0,0,0,0,0,2,0,0,0,0,0,0,1,1,0,0,0,1,0,0,0,0,3,0,0,0,0,0,0,2,0,0,0,1,0,0,1,0,1,0,0,0,1,0,0,0,0,0,0,0,0,1,0,0,0,5,4,5,3,0,0
"166",0.25,0.5,0,0,0,1,0,1,0,2,0,4,1,1,1,0,0,1,1,1,0,0,1,0,0,3,6,0,0,1,0,0,13,2,0,1,0,1,0,0,1,0,0,1,0,0,1,0,0,0,0,0,0,0,0,1,0,0,0,0,0,0,0,0,0,1,1,0,0,1,0,0,0,0,2,0,0,0,1,0,0,0,0,1,0,0,0,0,0,3,2,0,3,0,0,0,0,0,3,1,0,0,0,1,0,0,0,1,0,2,0,0,0,0,0,2,5,10,5,3,1,2
"167",0,0,0,0,0,0,0,2,0,0,1,1,0,0,0,0,0,2,0,1,0,0,0,0,0,0,0,1,0,2,0,0,1,1,0,0,0,0,0,0,0,0,0,0,0,0,1,0,0,0,1,0,0,0,0,0,0,0,0,0,0,1,0,0,0,0,4,0,0,0,0,0,0,0,4,0,2,0,0,0,0,0,0,3,0,0,0,0,0,0,0,0,3,0,1,0,1,0,0,0,0,0,0,3,1,0,0,0,0,0,0,0,0,2,0,0,4,14,7,9,0,0
"168",1,1,3,0,0,2,0,1,0,2,3,4,3,2,0,6,0,0,5,3,2,0,2,0,0,1,1,1,0,3,1,0,9,4,0,0,0,0,0,0,1,0,0,0,0,0,1,0,0,0,2,0,0,0,0,0,0,0,0,0,0,1,0,0,0,0,4,0,0,1,0,0,0,0,0,0,1,0,2,0,0,0,0,3,0,0,0,0,0,0,0,0,6,1,0,0,1,1,0,3,0,0,1,1,0,0,0,0,2,0,0,0,0,3,0,2,3,12,16,5,0,0
"169",0.5,0.25,0,0,0,1,1,1,0,0,0,6,0,0,0,5,0,0,0,5,0,0,0,0,0,0,0,1,0,0,1,0,0,1,0,0,0,1,0,0,0,0,0,0,0,0,0,0,0,0,2,0,0,0,0,0,1,0,0,0,0,0,0,0,0,0,1,0,2,0,1,0,0,0,0,0,1,0,0,0,0,0,0,3,0,2,0,0,0,1,1,0,0,0,0,1,0,0,1,1,0,0,0,0,0,0,0,0,0,0,0,0,0,0,0,0,5,9,7,3,0,1
"170",0,0.5,1,0,0,0,0,0,0,2,0,0,0,0,0,2,0,0,1,5,3,0,2,1,0,3,1,3,0,3,1,2,3,1,0,0,0,0,0,1,0,0,0,0,0,0,0,0,0,0,2,1,0,0,0,1,1,1,0,0,1,1,1,0,0,0,3,0,3,1,0,0,0,2,1,0,1,0,0,0,0,0,0,2,0,0,0,1,0,1,1,0,13,0,0,0,0,2,5,1,0,0,0,0,0,0,0,0,2,0,0,0,0,1,0,1,3,11,1,4,3,5
"171",0,0,2,0,0,0,0,0,0,1,0,0,0,2,0,0,0,0,0,3,0,0,2,0,0,2,1,1,0,4,0,1,8,1,0,0,1,0,0,0,0,0,0,0,0,0,0,0,0,0,0,0,0,2,0,0,0,0,0,0,0,1,0,0,0,0,2,0,2,0,0,0,0,0,1,0,1,1,2,0,1,0,0,3,0,0,0,0,0,1,1,0,5,0,0,0,0,1,3,0,1,0,0,2,2,0,0,0,0,0,0,0,0,2,0,0,1,12,3,1,0,1
"172",1,0.25,1,0,0,1,0,0,0,0,0,5,0,2,0,0,0,0,1,2,1,0,0,0,0,0,0,0,0,1,1,1,0,0,0,2,0,0,0,0,0,0,0,0,0,0,0,0,0,0,0,0,0,0,0,0,0,0,0,0,0,0,0,3,0,0,1,0,3,0,0,0,0,0,1,0,0,0,0,0,0,0,0,1,0,1,0,0,0,0,0,0,2,0,0,0,0,1,0,1,1,0,0,1,0,0,0,0,0,0,0,0,2,1,0,3,9,4,4,6,0,2
"173",1,0.25,10,1,0,0,0,1,0,0,0,0,0,0,0,0,0,0,0,2,0,0,1,1,0,7,4,3,0,2,1,0,9,3,0,0,0,0,0,0,0,0,0,0,0,0,1,1,0,0,0,0,0,0,0,0,1,0,0,0,0,2,0,0,0,0,0,0,2,0,0,0,0,3,4,0,0,0,0,0,0,0,0,7,0,1,0,0,0,1,0,0,0,1,0,0,0,0,0,0,0,0,0,1,0,0,0,0,0,1,0,1,0,0,0,1,5,20,2,4,0,3
"174",1,0.25,0,0,0,1,0,0,0,3,1,0,0,0,0,0,0,0,0,3,0,0,1,0,0,8,2,0,0,2,1,0,9,0,0,0,0,0,0,0,0,0,0,0,0,0,0,1,0,0,2,0,0,0,0,0,0,2,0,0,0,0,0,0,0,0,0,0,3,1,0,0,0,3,2,0,1,0,0,0,0,0,0,4,0,0,0,0,0,0,0,0,0,0,0,0,0,0,0,1,0,1,0,0,1,0,0,0,1,0,0,0,0,0,0,0,4,11,5,3,0,0
"175",1,0.25,0,1,0,1,0,1,0,1,0,1,0,0,0,0,0,0,0,4,1,0,1,0,0,4,2,1,0,1,0,0,3,2,1,1,0,0,0,0,0,0,0,1,0,0,1,0,0,1,0,0,0,2,0,0,2,0,0,0,1,0,0,0,0,1,4,0,3,5,0,0,0,0,1,0,1,0,0,0,0,1,0,3,0,0,0,0,0,1,1,0,2,0,1,0,1,0,0,2,0,0,2,0,0,0,0,0,0,4,0,0,1,0,0,1,8,2,4,0,1,4
"176",1,0.25,5,2,0,0,0,3,0,0,0,0,0,2,1,0,0,0,0,3,2,0,0,1,0,1,1,0,0,3,1,1,6,0,0,0,0,0,0,0,1,0,0,0,0,0,1,0,0,0,0,0,0,0,0,0,0,0,1,0,0,0,0,0,0,0,6,0,0,1,2,1,0,2,2,0,0,0,0,0,0,1,0,3,0,0,0,0,0,2,0,0,4,1,0,0,0,0,0,3,0,0,0,0,0,0,0,0,1,1,0,0,2,0,0,0,3,12,6,16,0,10
"177",0,0,2,0,0,0,0,0,0,1,1,0,0,0,0,0,0,1,0,3,1,0,0,0,0,1,0,1,0,1,1,1,8,3,0,1,0,1,0,0,0,0,0,0,0,0,0,0,0,0,1,0,0,0,0,0,0,0,0,0,0,0,0,0,0,0,1,0,4,1,2,1,0,1,0,0,0,0,0,0,0,3,0,2,0,0,0,0,0,0,0,0,1,0,2,0,2,2,0,1,0,0,1,0,0,0,0,0,0,0,0,0,0,1,0,0,5,1,7,3,0,1
"178",0,0,2,0,0,0,0,1,0,2,0,1,0,1,0,3,0,0,0,5,0,0,0,0,0,1,0,0,0,3,0,0,1,0,0,1,0,0,0,0,0,1,0,0,0,0,1,0,0,1,1,0,0,0,0,0,0,1,0,0,0,0,0,3,0,0,2,0,4,1,0,2,0,1,2,0,1,0,0,0,0,0,0,1,0,0,0,0,0,0,0,0,0,0,0,0,0,1,0,3,0,0,1,1,0,0,0,0,2,1,0,0,3,2,0,1,5,1,6,2,0,0
"179",0,0,3,1,0,0,1,0,0,0,0,2,0,1,1,0,0,0,1,1,2,0,0,0,0,0,0,0,0,1,0,0,0,0,0,0,0,0,0,0,0,0,0,0,0,0,1,0,0,0,0,0,0,0,0,0,0,0,1,0,0,0,0,0,0,0,3,0,4,0,0,0,0,2,2,0,1,0,0,0,1,0,0,1,0,0,0,0,0,1,0,0,1,0,0,0,0,2,1,3,0,0,0,1,0,0,0,0,1,1,0,0,1,2,0,0,8,0,7,3,0,0
"180",0.5,0.5,2,0,0,3,0,1,0,0,0,2,2,2,0,0,0,1,1,1,0,0,0,0,0,1,0,0,0,3,0,0,4,3,0,0,0,0,0,0,1,0,0,0,0,0,0,0,0,0,1,0,0,1,0,0,0,0,0,0,0,0,0,0,0,0,0,3,3,0,2,0,0,0,0,0,2,0,0,0,0,0,0,5,0,0,0,0,0,1,0,0,2,0,1,0,2,0,0,0,0,0,1,0,0,0,0,0,0,1,0,1,0,1,0,2,9,0,6,5,1,1
"181",0,0,4,0,0,0,2,0,0,1,1,0,0,2,0,0,0,0,0,7,0,0,1,0,0,2,2,0,0,1,0,0,6,1,0,0,0,0,0,0,0,0,0,0,0,0,0,0,0,0,3,0,0,0,0,0,0,2,0,0,0,1,0,0,0,0,0,0,4,0,2,0,0,0,1,0,0,0,0,0,0,0,0,0,0,0,0,0,0,0,0,0,1,0,2,0,2,0,1,0,0,0,0,0,0,0,0,0,0,1,0,0,1,0,0,0,3,0,10,1,0,0
"182",1,0.25,0,0,0,2,1,0,0,1,0,1,2,3,0,0,0,1,0,4,0,0,0,0,0,0,0,0,0,1,1,0,3,5,1,0,0,0,0,0,0,0,0,1,0,0,0,0,0,0,0,0,0,0,0,0,0,0,0,0,0,0,0,0,0,0,1,0,4,0,0,0,0,1,2,0,2,0,0,0,0,0,0,3,0,0,0,0,0,0,0,0,0,0,1,0,0,2,0,0,0,0,1,0,0,0,0,0,1,0,0,0,0,0,0,1,6,2,13,6,0,0
"183",0.25,0.5,0,1,0,1,0,1,0,0,0,1,1,0,0,0,0,1,2,5,0,0,0,0,0,0,0,1,0,2,2,3,5,1,0,0,0,0,0,0,0,0,0,0,0,1,2,0,2,0,2,0,0,0,0,0,0,1,0,0,0,1,0,0,0,0,3,3,4,2,0,0,0,0,3,0,0,0,0,0,1,0,0,2,1,0,0,0,0,0,0,0,1,0,0,0,1,1,0,2,0,0,0,0,0,0,0,0,1,1,0,0,0,2,0,0,6,2,11,1,0,2
"184",0,0.25,2,1,0,1,0,1,0,0,0,0,0,2,1,0,0,0,0,9,0,0,0,0,0,1,0,0,0,2,0,3,7,2,0,0,0,0,0,0,0,0,0,0,0,0,0,0,0,0,0,0,0,0,0,0,0,0,2,0,0,1,0,0,0,0,6,0,2,0,0,1,0,0,0,0,1,0,0,0,0,0,0,1,1,1,0,0,0,0,0,0,0,0,0,0,1,1,2,1,0,0,0,0,0,0,0,0,0,1,0,0,0,1,0,1,7,5,11,3,0,5
"185",0.5,0.25,0,0,0,0,0,3,0,1,0,0,0,0,0,0,0,1,2,3,0,0,1,0,0,3,4,1,0,0,0,1,11,2,0,0,0,0,0,0,1,0,0,0,0,0,0,0,0,0,1,0,0,0,0,0,0,2,0,0,0,0,0,0,0,0,2,0,7,1,1,0,0,0,0,0,0,0,0,0,0,1,0,3,0,1,0,0,0,0,0,0,4,0,2,0,0,0,0,2,0,0,0,0,0,0,0,0,0,0,0,1,0,0,0,1,5,5,10,2,0,0
"186",1,0.5,1,0,0,0,1,1,0,1,0,3,0,2,0,1,0,0,1,4,3,0,2,0,0,1,2,1,0,5,0,0,11,0,0,0,1,0,0,0,0,0,0,0,0,0,0,0,0,1,0,0,0,0,0,0,0,0,0,0,0,0,0,0,0,1,0,0,2,0,2,0,0,1,1,0,3,0,0,0,1,0,0,2,0,0,0,0,0,0,2,0,0,1,0,0,0,0,0,0,0,0,0,0,0,0,0,0,1,0,0,0,1,0,0,2,4,6,12,6,3,5
"187",0,0,1,1,0,3,0,0,0,0,2,0,0,0,0,1,0,0,1,1,2,0,0,2,0,7,3,2,0,0,3,1,10,4,0,0,0,0,0,0,0,0,0,1,0,0,2,0,0,0,0,0,0,0,0,0,0,0,1,0,1,0,0,0,0,1,6,0,2,0,1,0,0,0,2,0,0,0,0,0,0,0,0,2,0,0,1,0,0,1,2,0,3,2,0,0,0,1,0,2,0,0,0,0,0,0,0,0,0,0,0,3,1,1,2,0,7,9,3,4,3,9
"188",0.5,0.5,1,0,0,0,0,2,0,0,0,1,0,3,0,0,0,0,1,3,0,0,1,1,0,1,0,0,0,0,0,1,11,3,2,0,0,0,0,0,0,0,0,0,0,0,0,0,0,0,2,0,0,0,2,0,0,3,2,0,0,0,0,0,0,1,3,0,4,2,0,0,0,0,1,0,1,0,0,0,0,0,0,6,0,0,0,0,0,0,1,0,0,0,0,0,1,0,1,1,0,0,0,0,0,0,0,0,0,0,0,0,0,0,0,2,6,7,9,4,1,0
"189",0,1,1,0,0,0,0,0,0,0,0,0,0,1,0,0,0,1,3,4,0,0,2,0,0,5,0,0,0,3,0,0,9,2,1,0,0,0,0,0,1,0,0,0,0,0,0,0,0,0,0,0,0,0,0,0,0,0,0,0,0,0,0,0,0,0,1,0,2,0,0,0,0,4,1,0,0,0,0,0,1,0,0,5,0,3,0,0,0,0,2,0,1,1,0,0,0,0,0,0,0,0,0,2,0,0,0,0,0,0,0,0,0,0,0,0,4,15,11,4,2,0
"190",1,1,2,1,0,0,0,2,0,4,1,3,1,5,1,3,0,0,1,1,0,0,1,0,0,0,0,1,0,2,0,2,0,4,0,2,0,0,0,0,1,0,3,0,0,0,2,0,0,1,1,0,0,0,0,0,1,1,0,0,0,1,0,0,0,1,5,0,1,0,2,0,0,0,1,0,0,0,0,0,0,1,0,3,0,1,0,0,0,2,0,0,1,0,0,0,0,3,1,2,0,0,3,3,0,0,0,0,1,0,0,0,0,0,0,0,6,6,11,5,0,0
"191",0,0.25,3,1,0,0,1,2,0,1,0,2,0,4,0,0,0,1,0,2,5,0,2,0,0,12,3,3,0,3,0,1,4,7,1,6,0,0,0,0,0,0,0,1,0,0,0,0,0,1,0,0,0,0,0,0,2,0,0,0,0,3,0,0,0,0,4,0,2,0,0,0,0,0,1,0,0,1,0,0,0,1,0,6,0,0,0,0,0,0,2,0,9,0,1,0,0,2,4,0,2,0,0,2,0,0,0,0,0,0,0,1,0,2,0,0,5,12,1,9,5,6
"192",0.5,1,0,0,0,0,0,2,0,0,0,2,0,3,0,0,0,1,2,2,0,0,2,0,0,0,0,1,0,2,0,2,3,0,1,4,0,0,0,0,1,0,0,1,0,0,4,0,1,1,2,0,0,0,0,0,0,1,0,0,0,0,0,0,0,0,6,0,2,0,0,0,0,2,1,0,0,0,0,0,0,0,0,2,2,0,0,0,0,0,1,0,0,0,1,0,0,2,0,2,1,0,1,1,1,0,0,0,5,0,0,0,3,1,0,0,4,4,9,9,0,0
"193",0.5,0,0,0,0,0,0,0,0,2,0,0,0,0,0,0,0,1,1,3,0,0,3,0,0,0,3,0,0,2,0,2,3,1,0,4,0,0,0,0,1,0,0,1,0,0,0,0,0,0,15,0,0,0,0,0,1,12,0,0,0,1,0,1,0,0,3,0,3,5,4,0,0,0,0,0,0,0,1,0,2,1,0,2,2,1,0,0,0,1,0,0,1,0,0,0,0,0,0,1,0,0,0,2,0,0,0,0,2,0,0,0,1,0,0,1,6,7,4,0,0,1
"194",0.5,0,0,1,0,3,1,3,0,2,0,0,4,0,0,0,0,0,2,2,0,0,1,0,0,0,0,0,0,1,0,3,5,0,1,1,0,0,0,0,0,0,0,0,0,0,0,0,0,2,0,0,0,1,0,0,0,1,0,0,0,0,0,0,0,0,1,0,4,4,0,0,0,1,1,0,0,0,0,0,0,0,0,1,0,1,0,0,0,1,1,0,1,1,1,0,1,0,0,2,0,0,0,0,0,0,0,0,0,0,0,0,0,0,0,2,3,8,6,9,1,4
"195",0,1,1,2,0,1,0,4,0,1,0,0,0,2,0,0,0,0,2,6,0,0,3,0,0,2,4,1,0,4,0,0,13,2,1,5,0,0,0,0,1,0,0,1,0,0,0,0,0,0,0,0,0,0,0,0,0,0,0,0,0,2,0,0,0,0,3,0,2,0,0,0,0,1,1,0,1,0,0,0,0,6,0,2,3,0,0,0,0,0,0,0,3,0,2,0,0,0,2,0,0,0,0,0,0,0,0,1,0,0,0,0,0,0,0,0,3,11,8,6,0,12
"196",0.5,0.25,1,1,0,0,0,1,0,0,1,1,0,1,0,1,0,0,0,5,0,0,0,0,1,0,0,0,0,2,0,0,1,2,1,3,0,0,0,0,0,0,0,0,0,0,0,0,1,0,4,0,0,0,0,0,0,2,1,0,0,0,0,1,0,2,3,2,3,2,0,0,0,0,3,0,0,0,0,0,0,0,0,2,1,0,0,0,0,2,1,0,1,0,0,0,2,0,2,1,0,0,2,3,0,0,0,0,0,0,0,0,0,2,0,1,4,6,7,2,1,0
"197",0.25,0.25,2,2,0,1,0,2,0,1,0,1,1,0,0,0,0,1,2,3,0,0,0,0,0,2,2,2,0,2,2,0,9,0,0,0,0,0,0,0,0,0,0,0,0,0,0,0,0,1,1,0,0,1,0,0,0,0,0,0,0,0,0,0,0,0,1,0,1,0,1,0,0,0,2,0,0,0,0,0,0,0,0,8,0,0,0,0,0,1,2,0,0,0,0,0,2,0,0,2,0,0,1,0,0,0,0,0,0,0,0,0,0,1,0,1,11,4,14,7,0,0
"198",1,0.25,1,0,0,0,0,0,0,0,1,0,8,0,0,0,0,2,1,7,2,0,1,0,0,3,4,1,0,0,1,1,15,3,0,4,0,2,0,0,0,0,0,1,0,0,0,0,0,0,0,0,0,0,0,0,0,0,1,0,0,2,0,0,0,1,1,0,5,0,0,0,0,0,2,0,2,0,0,0,0,0,0,3,2,0,0,0,0,1,1,0,1,0,1,0,0,2,1,0,0,0,0,0,1,0,0,0,0,2,0,0,0,1,0,0,4,9,7,1,1,6
"199",0,0,2,0,0,0,0,0,0,1,0,2,0,0,0,3,0,1,1,2,2,0,1,0,0,0,0,0,0,0,0,0,0,1,2,2,0,0,0,0,1,0,0,0,0,0,0,0,0,0,3,0,0,0,0,0,1,2,0,0,0,0,0,0,0,0,1,0,1,0,0,0,0,2,0,0,3,0,0,0,0,0,0,4,1,1,0,0,0,1,0,0,0,0,0,0,4,1,0,1,0,0,1,1,0,0,0,0,1,0,0,0,0,1,0,1,6,1,9,8,0,0
"200",0.25,1,1,0,0,0,1,0,0,2,0,3,0,2,0,2,0,0,1,1,0,0,0,0,0,1,0,1,0,3,0,1,0,1,1,5,0,0,0,0,3,0,0,1,0,0,0,0,0,0,0,0,0,0,0,0,0,1,0,0,0,1,1,0,0,0,0,0,7,0,1,0,0,2,3,0,0,0,0,0,1,0,0,2,1,0,0,0,0,0,3,0,3,1,0,0,0,1,0,0,0,0,0,0,0,0,0,0,0,0,0,0,0,1,1,4,1,8,2,2,5,2
"201",1,0,1,1,0,2,0,1,0,0,1,2,3,1,0,1,0,0,1,4,0,0,2,0,0,3,0,0,0,1,1,1,5,0,0,1,0,0,0,0,0,0,0,0,0,0,0,0,0,0,10,0,0,0,0,0,0,10,0,0,0,0,0,0,0,1,1,0,3,1,0,1,0,2,4,0,0,1,0,0,1,0,0,5,0,0,0,0,0,1,0,0,1,0,1,1,0,0,0,0,0,0,2,1,0,0,0,0,0,1,0,0,1,0,0,2,4,8,7,8,0,4
"202",0.25,0.5,0,1,0,0,0,0,0,0,0,0,1,2,0,0,0,0,2,3,0,0,0,1,0,2,0,2,0,1,0,1,5,0,0,2,0,0,0,0,3,0,0,0,0,0,0,0,0,0,2,0,0,0,0,0,0,4,0,0,0,2,0,1,0,1,3,0,0,2,0,0,0,0,3,0,2,0,1,0,0,1,0,4,1,0,0,0,0,0,0,0,1,0,1,0,0,4,0,0,0,0,0,3,0,0,0,0,1,1,0,0,1,1,0,2,7,8,7,6,3,0
"203",0.5,0.25,0,0,0,0,0,0,0,0,0,5,0,0,0,3,0,0,1,3,2,0,1,1,0,1,0,0,0,0,0,2,1,1,0,1,0,0,0,0,0,0,0,0,0,0,0,0,0,0,1,0,0,0,0,0,0,3,0,0,0,0,0,0,0,1,2,0,2,2,0,0,0,1,4,0,0,0,0,0,1,0,0,2,0,0,0,0,0,0,3,0,1,0,0,0,0,0,1,3,1,0,2,0,0,0,0,0,0,1,0,0,0,1,0,2,5,12,6,5,0,2
"204",0.25,0,0,0,2,3,0,0,0,1,0,0,0,1,0,0,0,0,1,1,0,0,0,0,0,3,0,0,0,0,0,0,2,1,0,0,0,0,0,0,0,0,0,0,0,0,0,0,0,0,0,0,0,0,0,0,1,0,0,0,0,0,0,0,0,0,1,0,2,0,0,1,0,1,0,0,0,0,0,0,0,0,0,2,1,1,0,0,0,0,1,0,0,1,3,0,0,0,0,1,0,0,0,1,0,0,0,0,0,2,0,1,0,1,0,0,2,11,8,1,0,0
"205",0,0,0,1,0,1,0,0,0,1,0,0,0,1,0,0,0,2,0,4,0,0,0,0,0,5,0,0,0,0,0,1,8,0,0,1,0,0,0,0,0,0,0,0,0,0,2,0,0,0,14,0,0,0,0,0,0,11,0,0,0,0,0,0,0,0,1,0,5,5,0,0,0,2,0,0,1,0,0,3,0,0,0,2,0,0,0,0,0,1,0,0,0,0,0,0,0,0,1,3,0,0,0,1,0,0,0,0,0,2,0,1,3,0,0,0,4,9,5,2,0,0
"206",0.25,1,1,3,0,0,0,3,0,0,0,1,0,0,0,0,0,0,2,6,0,0,0,0,0,3,1,0,0,1,0,1,9,1,0,1,0,0,0,0,0,0,0,0,0,0,1,0,0,0,0,0,0,0,3,0,1,4,0,0,0,4,0,0,0,0,0,0,0,1,1,0,0,2,1,0,0,0,0,1,0,1,0,0,4,1,0,0,0,1,1,0,3,0,2,0,1,1,1,0,0,0,0,0,0,0,0,0,0,0,0,0,4,1,0,2,4,12,3,0,3,0
"207",1,0.5,3,1,0,0,1,2,0,2,1,3,0,2,0,1,0,0,0,3,0,0,0,0,0,1,0,0,0,2,0,1,2,3,0,2,0,0,0,0,0,0,0,1,0,0,0,0,0,0,2,0,0,0,4,0,0,4,0,0,0,0,0,0,0,0,3,0,1,1,1,0,0,1,2,0,0,0,0,1,1,0,0,1,0,1,0,0,0,1,0,0,1,1,0,0,0,0,0,2,0,0,1,0,0,0,0,0,1,0,0,0,0,0,0,0,2,9,7,3,3,0
"208",0,0.25,0,1,0,0,0,2,0,0,0,3,0,2,0,0,0,0,1,6,0,0,3,1,0,3,3,2,0,1,1,4,3,4,0,2,0,0,0,0,1,0,1,0,0,0,1,0,0,0,0,0,0,0,0,0,1,0,0,0,0,1,0,0,1,2,2,0,0,0,1,1,0,3,2,0,0,0,0,0,0,0,0,1,0,1,0,0,0,2,0,0,7,0,0,0,0,0,5,0,0,0,0,0,1,0,0,0,1,1,0,0,0,3,0,2,1,9,4,5,1,0
"209",0.5,0.25,0,0,0,1,0,1,0,3,0,1,3,0,0,3,0,0,2,5,0,0,0,0,0,0,0,0,0,1,0,0,0,1,0,0,0,0,0,0,0,0,0,0,0,0,1,0,0,0,0,0,0,0,0,0,0,0,0,0,0,0,0,0,0,0,2,0,0,0,0,1,0,0,1,0,0,0,0,0,0,0,0,1,0,1,0,0,0,0,0,0,0,0,1,0,0,1,1,3,0,0,0,4,0,0,0,0,2,1,0,0,0,1,0,1,2,5,9,2,0,1
"210",0.5,1,0,0,0,1,0,0,0,1,0,0,0,0,1,1,0,0,1,5,0,0,0,0,0,2,2,0,0,2,0,1,11,5,0,4,0,0,0,0,0,0,0,0,0,0,0,0,0,1,0,0,0,0,0,0,0,0,0,0,0,2,0,0,0,0,1,0,6,0,0,0,0,0,1,0,0,1,0,0,1,0,0,2,0,0,0,0,0,0,0,0,5,0,1,0,0,0,1,0,0,0,0,1,0,0,0,0,1,0,0,0,1,1,1,0,4,11,2,7,0,2
"211",0,0.5,2,0,1,1,2,0,0,0,0,5,1,1,0,1,0,2,1,4,4,1,0,0,0,1,0,0,0,0,0,0,0,7,0,4,0,0,0,0,1,0,0,0,0,0,0,0,0,0,2,0,0,0,0,0,0,2,0,0,0,0,0,0,0,1,4,0,7,0,0,1,0,1,0,0,0,1,0,3,1,0,0,0,2,1,0,0,0,0,0,0,0,0,1,0,0,0,1,0,1,0,3,2,0,0,0,0,0,1,0,0,1,1,0,0,6,4,7,1,1,0
"212",0.5,1,1,2,0,0,0,1,0,1,1,1,0,1,0,0,0,0,3,3,0,0,2,0,0,5,2,1,0,3,0,0,6,1,0,0,0,0,0,0,7,0,1,0,0,0,0,0,0,0,0,0,0,1,0,0,0,2,0,0,1,2,0,0,0,0,3,0,3,1,1,1,0,2,3,0,0,0,1,3,0,0,0,1,3,0,0,0,0,2,0,0,4,0,2,0,1,0,1,0,0,1,0,2,0,0,0,0,1,1,0,0,2,2,2,2,4,7,1,1,4,1
"213",0.5,1,1,0,0,0,0,2,0,2,0,0,0,1,0,0,0,1,2,7,0,0,3,0,0,1,1,1,0,5,0,0,9,2,1,2,0,0,0,0,0,0,0,0,0,0,0,0,0,0,0,0,0,1,0,0,0,1,0,0,0,2,0,0,0,0,4,0,3,0,0,0,0,0,2,0,0,0,0,2,1,0,0,0,1,0,0,0,0,0,0,0,3,0,0,0,0,1,2,0,0,0,0,1,0,0,0,0,0,2,0,1,0,1,0,0,2,8,1,0,2,3
"214",0,0.25,6,3,0,0,0,0,0,1,0,0,0,1,0,0,0,0,0,6,0,0,0,0,0,0,0,0,0,2,1,1,3,1,0,1,0,0,0,0,0,0,1,0,0,0,0,0,0,0,1,0,0,0,0,0,0,4,0,0,0,0,0,0,0,1,0,0,1,0,0,0,0,0,1,0,0,0,0,1,0,0,0,1,1,0,0,0,0,2,2,0,3,0,1,0,0,0,1,1,0,0,1,0,0,0,0,0,0,0,0,0,0,2,2,0,3,4,0,7,0,0
"215",0,0.25,0,0,0,0,0,2,0,1,0,0,0,5,0,0,0,0,0,2,0,0,2,2,0,5,0,0,0,0,0,2,0,1,0,0,0,0,0,0,0,1,0,0,0,0,1,0,0,0,2,0,2,0,0,0,2,0,1,0,0,0,0,0,0,0,2,1,6,1,0,0,0,3,1,0,0,0,0,1,1,0,0,0,1,1,0,0,0,0,0,0,1,0,0,0,0,0,0,0,1,0,0,2,0,0,0,0,0,1,0,0,0,0,0,0,0,7,6,3,1,0
"216",0,0,1,0,0,0,0,0,0,2,0,0,0,1,0,0,0,0,0,6,0,0,0,1,0,1,0,0,0,2,0,5,5,1,1,0,0,0,0,0,0,0,0,0,0,0,0,0,0,0,0,0,0,0,0,0,0,0,0,0,1,0,0,0,0,1,1,0,3,0,1,0,0,1,0,0,0,0,0,2,0,0,0,0,0,0,0,0,0,0,0,0,1,0,0,0,1,0,0,0,0,0,0,2,0,0,0,0,1,0,0,0,0,0,0,1,4,8,6,5,0,4
"217",0.25,0.5,1,0,0,1,3,0,0,3,0,1,2,0,1,0,0,0,0,2,2,0,1,1,0,0,0,0,0,2,0,3,4,0,0,0,0,0,0,0,1,0,0,1,0,0,0,0,0,1,2,0,0,0,0,0,0,2,0,0,0,0,0,1,0,0,1,0,5,3,0,1,0,1,0,0,1,0,2,2,1,1,0,1,0,0,0,0,0,1,2,0,0,0,0,0,0,0,1,1,0,0,1,1,0,0,0,0,0,0,0,0,2,1,0,2,4,11,2,11,1,16
"218",1,0.5,0,0,0,0,0,0,0,2,0,0,12,2,0,0,0,1,3,4,1,0,0,0,0,0,1,0,0,3,3,4,5,2,0,5,0,0,0,0,2,0,0,0,0,0,1,0,0,0,1,0,0,0,0,0,0,3,0,0,0,0,0,0,0,0,2,0,5,4,2,0,0,0,3,0,3,0,0,3,1,1,0,0,0,0,0,0,0,0,1,0,2,0,0,0,0,1,0,1,0,0,0,4,0,0,0,0,0,1,0,0,0,2,0,1,5,21,2,6,1,2
"219",0,0,1,0,1,0,0,0,0,1,0,0,0,1,0,0,0,2,0,7,0,0,0,0,0,9,0,0,0,0,0,0,8,1,1,3,0,0,0,0,0,0,0,0,0,0,0,0,0,0,0,0,0,0,0,0,0,2,0,0,0,1,0,0,0,0,0,0,5,0,1,0,0,0,1,0,2,0,1,0,0,0,0,0,0,1,0,0,0,2,0,0,0,0,1,0,1,0,0,2,0,0,0,2,0,0,0,0,0,1,0,0,0,0,0,1,0,9,4,0,0,0
"220",0,0.5,2,1,0,0,1,0,0,0,0,1,0,1,0,0,0,2,2,5,0,0,0,0,0,0,1,0,0,2,0,4,1,4,0,3,0,0,0,0,0,0,0,0,0,0,0,0,0,0,3,0,0,0,0,0,0,3,0,0,0,0,0,0,0,0,3,0,7,3,1,0,0,1,0,0,0,0,0,4,0,2,0,0,0,0,0,0,0,1,0,0,1,0,1,0,0,1,0,1,0,0,0,0,0,0,0,0,0,0,0,0,0,0,0,1,6,5,4,3,2,0
"221",0.25,1,4,0,1,0,1,1,0,0,0,0,7,0,0,0,0,2,0,2,0,0,0,0,0,2,0,0,0,3,0,0,6,3,0,0,0,0,0,0,1,0,0,0,0,0,0,0,0,0,1,0,0,0,0,0,0,1,0,0,0,1,0,0,0,0,2,0,2,2,0,1,0,3,2,0,0,0,0,0,0,0,0,0,0,0,0,0,0,1,1,0,1,0,0,0,0,0,0,0,0,0,1,3,0,0,0,0,0,1,0,0,0,0,0,0,1,7,2,1,0,1
"222",0.25,1,1,1,0,0,1,2,0,2,0,1,0,3,0,0,0,0,0,6,0,0,0,2,0,4,0,1,0,1,1,1,6,11,0,0,0,0,0,0,1,1,1,0,0,0,0,0,0,0,0,0,0,1,0,0,0,0,1,0,0,0,0,0,0,0,2,0,3,0,0,1,0,2,0,0,0,0,0,0,0,0,0,0,2,0,0,0,0,1,1,0,1,0,0,0,0,0,0,0,0,0,0,0,0,0,0,0,0,2,0,0,1,0,0,2,5,9,10,10,5,4
"223",0.25,1,0,0,1,0,0,1,0,3,0,0,1,1,0,0,0,2,1,3,0,0,1,0,0,6,0,0,0,1,1,1,10,1,0,1,0,0,0,0,4,0,0,0,0,0,0,0,0,0,1,0,0,0,0,0,1,2,0,0,0,3,0,0,0,1,2,0,4,0,0,2,0,1,1,0,0,0,1,0,1,1,0,2,4,0,0,0,0,0,1,0,3,1,0,0,0,1,4,0,0,0,0,2,0,0,0,0,0,0,0,0,2,0,0,0,3,11,1,1,1,0
"224",0,1,2,1,0,0,0,1,0,2,0,0,0,1,0,0,0,0,0,4,0,0,0,0,0,2,0,0,0,2,1,0,10,2,0,0,0,0,0,0,0,0,0,1,0,0,0,0,0,1,0,0,0,0,0,0,0,1,0,0,0,1,0,1,0,0,3,0,4,1,1,3,0,0,0,0,0,0,0,0,0,1,0,0,0,1,0,0,0,0,0,0,0,0,0,0,1,0,0,1,1,0,0,2,0,0,0,0,0,1,0,1,0,1,0,3,3,1,9,10,1,0
"225",0,1,5,0,0,0,0,1,0,2,0,0,0,3,0,0,0,0,1,2,0,0,2,0,0,3,1,0,0,2,0,0,12,2,0,2,0,0,0,0,0,0,0,0,0,0,0,0,0,0,0,0,0,1,0,0,1,1,0,0,0,0,0,0,0,0,0,0,6,8,1,1,0,0,0,0,0,1,1,0,0,2,0,1,1,2,0,1,0,0,0,0,1,0,0,0,1,0,0,0,0,0,0,0,0,0,0,0,0,1,0,0,3,0,0,2,1,1,7,2,0,1
"226",0,1,2,1,0,0,1,0,0,1,0,0,0,0,0,0,0,1,2,5,1,0,1,0,0,3,2,0,0,3,0,2,9,3,0,3,0,0,0,0,0,0,0,0,0,0,0,0,0,0,0,0,0,1,0,0,0,1,1,0,0,0,0,0,0,0,1,0,3,0,2,0,0,0,2,0,0,0,1,0,2,0,0,1,2,3,0,0,0,1,0,0,6,0,0,0,0,0,0,0,0,0,1,0,0,0,0,0,0,1,0,1,2,2,0,2,3,15,1,5,1,2
"227",0.5,0,2,1,1,0,0,0,0,1,0,0,0,1,2,0,0,0,3,9,2,0,0,1,0,0,2,2,0,2,1,3,1,8,0,3,0,0,0,0,0,0,0,0,0,1,0,0,0,0,0,1,4,0,0,0,1,0,0,0,0,2,1,0,0,0,8,0,4,0,0,1,0,3,0,0,0,0,2,0,0,0,0,0,2,1,0,0,0,1,2,0,9,0,0,0,0,0,4,2,1,0,0,0,0,1,0,0,1,0,1,0,0,2,0,0,3,15,5,9,6,6
"228",0.25,0.25,0,1,0,0,0,1,0,0,1,0,1,1,0,0,0,1,2,5,0,0,0,0,0,1,0,1,0,2,2,1,0,0,0,0,0,0,0,0,3,0,0,0,0,0,1,0,0,0,0,0,4,1,0,0,1,0,0,0,0,1,0,0,0,2,1,0,5,1,0,0,0,1,3,0,0,0,0,0,0,0,0,0,4,1,0,0,0,2,3,0,3,0,0,0,0,0,1,0,0,0,0,0,0,0,0,0,0,2,0,0,1,0,0,0,3,3,4,5,3,5
"229",0.25,0,0,0,0,0,1,1,0,0,0,1,0,1,0,1,0,1,0,2,0,0,1,1,0,1,1,1,0,0,2,0,6,3,0,0,0,2,0,0,0,0,0,0,0,0,0,0,0,0,0,0,0,0,0,0,0,0,0,0,0,0,0,0,0,1,2,0,5,0,0,1,0,1,0,0,0,0,0,0,0,1,0,0,0,0,0,0,0,2,1,0,0,0,0,0,0,0,0,2,0,0,0,1,0,0,0,0,0,0,0,0,0,2,0,1,3,2,7,2,0,2
"230",0,0,5,1,0,0,0,0,0,0,0,0,0,0,0,2,0,0,2,2,0,0,2,0,0,5,1,0,0,0,1,3,18,5,0,1,0,0,0,0,0,0,0,0,0,0,0,0,2,0,0,1,0,0,0,0,0,0,0,0,0,0,0,0,0,0,2,0,3,0,1,0,0,0,2,0,2,0,0,0,0,0,0,1,1,1,0,0,0,1,0,0,2,0,1,0,1,1,0,0,0,0,1,2,0,0,0,0,0,0,0,0,0,0,0,0,4,3,7,2,3,0
"231",0.25,0.5,1,0,0,0,0,0,0,0,1,0,0,0,0,0,0,0,2,4,0,0,1,0,0,3,1,0,0,5,2,1,4,1,0,1,0,0,0,0,0,0,0,0,0,0,1,0,0,0,0,0,0,1,0,0,0,0,1,0,0,0,0,0,0,2,4,0,7,0,1,0,0,1,1,0,0,0,1,0,1,0,0,2,0,1,0,0,0,1,0,0,4,0,0,0,0,0,2,0,1,0,0,1,0,0,0,1,1,0,0,0,0,1,0,0,3,3,4,6,9,3
"232",0.5,0.25,1,1,0,0,0,0,0,0,1,1,0,1,0,1,0,0,1,3,1,0,1,0,0,0,0,0,0,2,1,2,6,3,0,0,0,0,0,0,0,0,0,0,0,0,0,0,0,0,0,0,0,0,0,0,1,0,0,0,0,0,0,0,0,2,3,0,2,0,0,0,0,3,0,1,0,0,2,0,1,0,0,0,0,0,0,0,0,0,2,0,1,0,0,0,0,1,1,1,0,0,0,3,0,0,0,0,0,0,0,1,0,0,0,0,3,7,10,8,7,6
"233",0,0.25,3,0,0,0,0,3,0,0,0,0,0,0,0,1,0,1,0,0,0,0,0,2,0,3,0,2,0,2,2,3,1,0,1,0,0,0,0,0,4,0,0,0,0,0,0,0,0,0,0,0,1,0,0,0,0,0,1,0,0,1,0,0,1,0,2,0,4,0,0,0,0,1,1,0,0,0,1,0,0,0,0,1,0,0,0,0,0,0,1,0,3,0,1,1,2,0,0,2,0,0,0,0,0,0,0,0,0,1,0,1,2,0,0,0,2,10,5,3,2,0
"234",0,0,1,1,1,0,0,2,0,0,0,0,0,1,0,0,0,2,0,12,0,0,0,1,0,3,1,0,0,3,0,0,1,1,1,0,0,0,0,0,2,0,0,0,0,0,1,0,0,0,2,0,0,0,0,0,0,5,1,0,0,3,0,1,0,0,2,2,4,2,0,0,0,1,0,0,0,0,0,0,0,0,0,2,2,0,0,0,0,0,0,0,1,0,2,0,0,1,2,0,0,0,1,0,0,0,0,0,0,0,0,0,0,2,0,0,4,6,8,7,1,0
"235",0,0,1,0,0,0,1,0,0,0,0,4,0,1,0,0,0,1,0,5,0,0,1,0,0,13,0,1,0,0,0,3,7,1,0,0,2,0,0,0,1,0,0,3,0,0,1,0,0,0,1,0,0,0,0,0,1,2,0,0,0,0,0,0,0,1,2,0,5,0,0,0,0,0,1,0,0,0,1,0,2,0,0,2,1,0,0,0,0,1,2,0,0,1,1,1,2,0,1,3,0,0,1,0,0,0,0,0,0,1,0,0,1,0,1,1,3,5,8,4,2,0
"236",0.5,0.25,0,1,0,0,0,0,0,3,0,0,0,1,0,0,0,0,3,4,0,0,1,1,0,0,4,2,0,1,1,0,9,2,1,0,0,1,0,0,3,0,0,1,0,0,3,0,0,0,0,0,2,0,0,0,1,0,0,0,0,1,0,0,0,0,1,0,1,0,1,2,0,2,2,0,1,0,0,0,0,0,0,1,0,0,0,0,0,2,1,0,10,3,0,0,0,0,3,1,0,0,0,2,0,0,0,1,0,0,0,2,2,0,0,0,6,3,8,8,8,7
"237",0.5,0.25,1,1,0,1,0,0,0,3,0,1,2,0,0,0,0,2,1,5,0,0,0,1,0,1,0,1,0,1,1,2,3,1,1,1,0,0,0,0,0,0,0,0,1,0,1,0,3,0,10,0,0,0,0,0,0,13,0,0,0,2,1,4,0,0,2,0,1,1,0,0,0,2,4,0,0,1,0,0,1,0,0,3,0,0,0,0,0,1,0,0,0,0,0,0,0,1,0,0,0,0,2,0,0,0,0,0,1,0,0,1,0,0,0,2,4,3,6,4,1,0
"238",0,0.25,1,1,0,0,1,1,0,0,0,0,0,0,0,0,0,0,1,4,1,0,0,0,0,5,3,0,0,0,1,0,13,3,2,2,0,1,0,0,2,0,0,0,0,0,0,0,0,0,0,0,0,0,0,0,0,4,0,0,0,0,0,0,0,0,0,0,4,0,1,0,0,1,3,0,1,0,0,0,1,0,0,1,1,0,0,0,0,1,3,0,0,1,1,0,0,1,0,0,0,0,0,2,0,0,0,0,0,0,0,1,1,0,1,2,3,2,8,1,9,2
"239",1,0.5,3,2,0,0,0,1,0,3,0,0,0,2,0,0,0,1,0,3,0,0,0,0,0,4,6,1,0,0,0,1,7,6,0,0,0,0,0,0,1,0,0,1,0,0,0,0,0,0,0,0,0,0,0,0,0,1,1,0,0,2,0,0,0,0,3,0,0,0,0,0,0,2,0,0,0,0,0,0,0,0,0,0,1,1,0,0,0,0,0,0,5,0,2,0,0,0,0,0,1,0,0,2,0,0,0,0,1,1,0,0,1,1,0,1,2,3,7,6,6,1
"240",0.5,0.25,1,0,0,0,1,1,0,5,1,7,0,1,1,9,0,0,3,3,1,0,1,1,0,3,2,2,0,2,1,3,5,8,0,2,0,2,0,0,0,1,0,0,1,0,0,0,0,0,0,0,4,0,0,0,0,2,1,1,1,1,1,0,0,0,8,0,4,1,0,0,0,4,2,0,1,0,0,0,0,0,0,0,2,3,0,0,1,3,0,0,7,0,1,1,0,0,4,0,0,0,0,0,0,0,0,0,3,3,0,1,0,2,0,0,3,6,6,11,12,2
"241",0,0.5,1,1,0,0,0,1,0,0,0,0,0,0,0,0,0,0,0,3,0,0,2,0,0,1,1,0,0,3,2,1,3,2,0,0,0,0,0,0,1,0,0,0,1,0,2,0,1,0,2,0,0,1,0,0,0,1,1,0,0,2,0,1,0,0,4,0,3,1,3,0,1,0,0,0,0,0,0,0,1,0,0,1,0,0,0,0,0,1,0,0,1,1,1,0,0,1,0,0,0,0,0,1,0,0,0,0,3,1,0,0,3,0,0,0,4,6,9,4,1,2
"242",0,0,2,0,0,0,0,1,0,0,1,0,0,0,0,0,0,4,0,2,1,1,1,0,0,6,5,0,0,5,2,5,6,4,0,0,0,0,0,0,1,0,0,0,0,0,0,0,0,0,0,0,1,0,0,0,1,0,1,0,0,2,0,0,0,1,2,0,2,1,1,0,0,0,3,0,0,0,0,0,0,0,0,1,0,3,0,0,0,2,0,0,4,0,1,0,0,3,3,0,0,0,0,1,0,0,0,0,1,0,0,4,0,2,0,1,3,4,5,3,6,0
"243",1,0.25,2,0,0,1,0,1,0,2,0,1,0,0,0,0,0,2,1,1,1,0,0,0,0,1,2,1,0,3,2,0,5,5,2,0,0,0,0,0,2,0,0,1,0,0,0,0,0,1,0,0,0,0,0,0,0,1,0,0,0,2,0,0,0,0,3,0,2,0,0,0,0,0,2,0,0,1,1,0,0,0,0,2,2,0,0,0,0,2,0,0,5,0,0,0,0,0,1,1,0,0,0,0,0,0,0,0,3,0,0,0,0,2,0,0,2,3,5,0,5,0
"244",1,0.25,2,0,0,0,1,0,0,0,0,0,1,1,0,0,0,0,2,4,0,0,2,0,1,8,0,1,0,2,1,0,9,2,0,0,0,0,0,0,0,0,0,2,0,0,1,0,1,0,0,0,0,0,0,0,0,0,0,0,0,0,1,0,0,0,7,0,1,1,0,0,1,1,7,0,1,0,0,0,0,2,0,4,1,0,0,0,0,1,2,0,0,0,1,0,2,0,0,0,0,0,0,2,1,0,0,0,0,1,0,0,0,0,0,1,3,2,12,5,2,2
"245",1,0,0,1,0,0,0,0,0,1,0,1,0,3,0,0,0,0,3,5,0,0,2,0,0,2,1,1,0,2,4,2,7,2,0,0,0,0,0,0,0,0,0,0,0,0,1,1,0,0,0,0,0,0,0,0,0,1,0,0,0,0,0,0,0,0,3,0,3,0,4,0,0,0,0,0,0,0,0,0,0,0,0,0,1,0,0,0,0,0,0,0,1,1,0,0,0,0,0,2,0,0,1,1,0,0,0,0,1,0,0,0,0,0,0,0,3,6,7,3,4,1
"246",1,0,2,0,0,0,0,0,0,0,1,0,0,1,0,0,0,1,5,4,0,0,0,0,0,6,1,1,0,1,1,2,8,3,0,0,0,0,0,0,2,0,0,0,0,0,1,0,0,0,1,0,0,0,0,0,0,2,0,0,1,1,0,0,0,1,1,0,0,1,0,0,0,2,1,0,0,0,1,0,1,0,0,2,2,1,0,0,0,1,1,0,0,0,1,0,1,0,0,0,0,0,0,1,0,0,0,0,0,0,0,1,1,1,2,1,3,8,2,6,1,0
"247",1,0,1,0,0,0,0,0,0,1,0,0,0,1,0,0,0,0,0,3,0,0,0,0,0,12,4,0,0,0,0,0,4,1,0,0,0,0,0,0,2,0,0,0,0,0,1,0,0,0,0,0,0,0,0,0,1,0,0,0,0,3,0,0,0,0,2,1,5,1,0,0,0,1,2,0,2,0,1,0,0,0,0,2,0,0,0,0,0,0,1,0,0,1,0,0,0,0,2,0,1,0,1,1,0,0,0,0,0,0,0,0,1,0,0,0,3,4,4,3,0,0
"248",1,0,0,0,0,0,3,1,0,2,0,0,0,1,0,0,0,1,1,4,1,0,1,1,0,1,3,2,0,3,1,3,7,6,0,0,0,0,0,0,0,0,0,1,0,0,0,0,0,0,0,0,0,0,0,0,0,1,0,0,0,3,0,0,0,0,4,0,2,0,0,0,0,3,0,0,0,0,0,0,1,0,0,4,2,0,0,0,0,0,0,0,8,1,0,0,0,0,2,0,0,0,0,0,0,0,0,0,2,1,0,1,0,1,1,3,3,13,1,12,7,5
"249",1,0,3,0,0,0,0,1,0,0,0,0,0,0,0,0,0,0,0,4,0,0,0,1,0,7,3,0,0,2,1,4,4,1,0,0,0,0,0,0,0,0,0,0,0,0,0,0,0,0,0,0,0,0,0,0,1,0,0,0,0,0,0,0,0,0,1,0,4,0,0,0,0,0,0,0,0,0,1,0,0,0,0,5,1,1,0,0,0,0,1,0,0,0,0,0,0,0,2,0,0,0,0,0,0,0,0,0,0,0,0,0,0,0,0,0,2,8,5,4,0,4
